0,0.0,0.0,0.1897810218978102,0.0,0.3284671532846715,-0.1386861313868613,0.3795620437956204,-0.33211678832116787,0.3613138686131387,-0.5145985401459854,0.32116788321167883,-0.4051094890510949,0.4635036496350365,-0.6131386861313869,0.5328467153284672,-0.7445255474452555,0.5875912408759124,-0.8576642335766423,0.20437956204379562,-0.4562043795620438,0.28102189781021897,-0.7299270072992701,0.3357664233576642,-0.8795620437956204,0.3795620437956204,-1.0,0.072992700729927,-0.44525547445255476,0.11313868613138686,-0.6970802919708029,0.2116788321167883,-0.6240875912408759,0.28102189781021897,-0.5,-0.072992700729927,-0.40145985401459855,-0.058394160583941604,-0.5948905109489051,0.025547445255474453,-0.5985401459854015,0.10218978102189781,-0.5364963503649635
0,0.0,0.0,0.19855595667870035,0.0,0.33935018050541516,-0.1407942238267148,0.3862815884476534,-0.33935018050541516,0.3574007220216607,-0.5234657039711191,0.33212996389891697,-0.4007220216606498,0.4693140794223827,-0.6101083032490975,0.5379061371841155,-0.7436823104693141,0.5956678700361011,-0.855595667870036,0.20938628158844766,-0.4548736462093863,0.2851985559566787,-0.7256317689530686,0.33935018050541516,-0.8772563176895307,0.3862815884476534,-1.0,0.08664259927797834,-0.44765342960288806,0.12274368231046931,-0.6895306859205776,0.22021660649819494,-0.6209386281588448,0.2851985559566787,-0.5018050541516246,-0.05776173285198556,-0.40794223826714804,-0.04693140794223827,-0.5992779783393501,0.039711191335740074,-0.5992779783393501,0.11191335740072202,-0.5379061371841155
0,0.0,0.0,0.20640569395017794,0.0,0.3487544483985765,-0.15658362989323843,0.398576512455516,-0.35231316725978645,0.3701067615658363,-0.5302491103202847,0.3309608540925267,-0.40213523131672596,0.46619217081850534,-0.6014234875444839,0.5373665480427047,-0.7366548042704626,0.5907473309608541,-0.8434163701067615,0.21352313167259787,-0.4555160142348754,0.2918149466192171,-0.7259786476868327,0.34519572953736655,-0.8754448398576512,0.39501779359430605,-1.0,0.09252669039145907,-0.4483985765124555,0.13167259786476868,-0.693950177935943,0.23843416370106763,-0.6227758007117438,0.30604982206405695,-0.501779359430605,-0.0498220640569395,-0.40569395017793597,-0.03202846975088968,-0.597864768683274,0.05338078291814947,-0.6014234875444839,0.12811387900355872,-0.5444839857651246
0,0.0,0.0,0.19718309859154928,0.0,0.3415492957746479,-0.15492957746478872,0.3873239436619718,-0.3485915492957746,0.3732394366197183,-0.528169014084507,0.323943661971831,-0.4084507042253521,0.45774647887323944,-0.6056338028169014,0.5246478873239436,-0.7323943661971831,0.5774647887323944,-0.8345070422535211,0.20774647887323944,-0.4612676056338028,0.2852112676056338,-0.7323943661971831,0.3380281690140845,-0.8802816901408451,0.38380281690140844,-1.0,0.09154929577464789,-0.45422535211267606,0.13380281690140844,-0.6901408450704225,0.23591549295774647,-0.6232394366197183,0.30633802816901406,-0.5105633802816901,-0.045774647887323945,-0.4154929577464789,-0.028169014084507043,-0.5985915492957746,0.05985915492957746,-0.6056338028169014,0.14084507042253522,-0.5563380281690141
0,0.0,0.0,0.20774647887323944,-0.007042253521126761,0.35563380281690143,-0.17253521126760563,0.4014084507042254,-0.36619718309859156,0.3767605633802817,-0.5422535211267606,0.3415492957746479,-0.41901408450704225,0.4753521126760563,-0.6126760563380281,0.5422535211267606,-0.7394366197183099,0.5950704225352113,-0.8450704225352113,0.22183098591549297,-0.47183098591549294,0.29225352112676056,-0.7394366197183099,0.3415492957746479,-0.8873239436619719,0.3873239436619718,-1.0,0.10211267605633803,-0.4647887323943662,0.1443661971830986,-0.7007042253521126,0.25,-0.6338028169014085,0.3204225352112676,-0.5211267605633803,-0.035211267605633804,-0.4295774647887324,-0.01056338028169014,-0.6161971830985915,0.07746478873239436,-0.6197183098591549,0.15140845070422534,-0.5633802816901409
0,0.0,0.0,0.2007042253521127,-0.007042253521126761,0.3415492957746479,-0.176056338028169,0.3873239436619718,-0.36971830985915494,0.35563380281690143,-0.5387323943661971,0.31690140845070425,-0.41901408450704225,0.4507042253521127,-0.6126760563380281,0.5176056338028169,-0.7359154929577465,0.5669014084507042,-0.8415492957746479,0.20422535211267606,-0.47183098591549294,0.2711267605633803,-0.7429577464788732,0.323943661971831,-0.8873239436619719,0.3626760563380282,-1.0,0.0880281690140845,-0.4647887323943662,0.13028169014084506,-0.704225352112676,0.23943661971830985,-0.6302816901408451,0.30985915492957744,-0.5140845070422535,-0.045774647887323945,-0.4295774647887324,-0.02464788732394366,-0.6126760563380281,0.06338028169014084,-0.6126760563380281,0.14084507042253522,-0.5563380281690141
0,0.0,0.0,0.20350877192982456,-0.007017543859649123,0.3543859649122807,-0.16842105263157894,0.4,-0.36140350877192984,0.3684210526315789,-0.5298245614035088,0.3263157894736842,-0.42105263157894735,0.45614035087719296,-0.6140350877192983,0.5228070175438596,-0.7403508771929824,0.5719298245614035,-0.8421052631578947,0.20701754385964913,-0.47017543859649125,0.27017543859649124,-0.7403508771929824,0.32280701754385965,-0.8842105263157894,0.3649122807017544,-1.0,0.0912280701754386,-0.4631578947368421,0.14385964912280702,-0.7017543859649122,0.24912280701754386,-0.624561403508772,0.3157894736842105,-0.5087719298245614,-0.03859649122807018,-0.4280701754385965,-0.017543859649122806,-0.6070175438596491,0.07017543859649122,-0.6140350877192983,0.14736842105263157,-0.5649122807017544
0,0.0,0.0,0.20774647887323944,-0.014084507042253521,0.35563380281690143,-0.176056338028169,0.397887323943662,-0.36971830985915494,0.38028169014084506,-0.5387323943661971,0.33098591549295775,-0.4295774647887324,0.4612676056338028,-0.6161971830985915,0.5316901408450704,-0.7394366197183099,0.5809859154929577,-0.8450704225352113,0.2147887323943662,-0.4788732394366197,0.27816901408450706,-0.7464788732394366,0.3274647887323944,-0.8873239436619719,0.36619718309859156,-1.0,0.09859154929577464,-0.47183098591549294,0.1443661971830986,-0.7077464788732394,0.25,-0.6373239436619719,0.3204225352112676,-0.5316901408450704,-0.03169014084507042,-0.43309859154929575,-0.014084507042253521,-0.6126760563380281,0.07746478873239436,-0.6232394366197183,0.15845070422535212,-0.5809859154929577
0,0.0,0.0,0.21554770318021202,-0.028268551236749116,0.3674911660777385,-0.21554770318021202,0.42402826855123676,-0.4204946996466431,0.43109540636042404,-0.5936395759717314,0.3321554770318021,-0.4452296819787986,0.45936395759717313,-0.6289752650176679,0.5265017667844523,-0.7597173144876325,0.568904593639576,-0.8621908127208481,0.21908127208480566,-0.49469964664310956,0.2791519434628975,-0.7597173144876325,0.33568904593639576,-0.8975265017667845,0.38162544169611307,-1.0,0.11307420494699646,-0.4911660777385159,0.1625441696113074,-0.734982332155477,0.2791519434628975,-0.6678445229681979,0.3498233215547703,-0.5618374558303887,-0.007067137809187279,-0.4664310954063604,0.02120141342756184,-0.6431095406360424,0.10954063604240283,-0.6607773851590106,0.19081272084805653,-0.6219081272084805
0,0.0,0.0,0.2114695340501792,-0.025089605734767026,0.3727598566308244,-0.2114695340501792,0.4229390681003584,-0.4157706093189964,0.4157706093189964,-0.5806451612903226,0.33691756272401435,-0.45878136200716846,0.45878136200716846,-0.6415770609318996,0.5232974910394266,-0.7670250896057348,0.5663082437275986,-0.8709677419354839,0.2222222222222222,-0.5089605734767025,0.2724014336917563,-0.7706093189964157,0.32616487455197135,-0.9032258064516129,0.36917562724014336,-1.0,0.1111111111111111,-0.5017921146953405,0.15412186379928317,-0.7455197132616488,0.26881720430107525,-0.6845878136200717,0.34050179211469533,-0.5806451612903226,-0.014336917562724014,-0.46953405017921146,0.017921146953405017,-0.6559139784946236,0.1039426523297491,-0.6702508960573477,0.17921146953405018,-0.6236559139784946
0,0.0,0.0,0.19285714285714287,-0.04285714285714286,0.3357142857142857,-0.21428571428571427,0.37142857142857144,-0.4035714285714286,0.35,-0.5607142857142857,0.25357142857142856,-0.45714285714285713,0.3464285714285714,-0.6464285714285715,0.4,-0.7607142857142857,0.4392857142857143,-0.8642857142857143,0.14285714285714285,-0.49642857142857144,0.17142857142857143,-0.7607142857142857,0.21428571428571427,-0.8964285714285715,0.25,-1.0,0.039285714285714285,-0.48214285714285715,0.07142857142857142,-0.7035714285714286,0.19285714285714287,-0.6464285714285715,0.275,-0.5571428571428572,-0.07142857142857142,-0.4392857142857143,-0.04642857142857143,-0.625,0.05,-0.6357142857142857,0.1357142857142857,-0.5928571428571429
0,0.0,0.0,0.2037735849056604,-0.011320754716981131,0.3320754716981132,-0.1811320754716981,0.36981132075471695,-0.3622641509433962,0.35471698113207545,-0.5471698113207547,0.2339622641509434,-0.44528301886792454,0.32075471698113206,-0.6528301886792452,0.3622641509433962,-0.7735849056603774,0.39245283018867927,-0.879245283018868,0.12075471698113208,-0.47547169811320755,0.12830188679245283,-0.7547169811320755,0.16226415094339622,-0.8943396226415095,0.18490566037735848,-1.0,0.018867924528301886,-0.4490566037735849,0.04905660377358491,-0.6867924528301886,0.19245283018867926,-0.6188679245283019,0.2830188679245283,-0.5245283018867924,-0.08679245283018867,-0.4,-0.04905660377358491,-0.5962264150943396,0.06415094339622641,-0.6,0.15471698113207547,-0.5547169811320755
0,0.0,0.0,0.19540229885057472,-0.011494252873563218,0.31417624521072796,-0.1839080459770115,0.3563218390804598,-0.367816091954023,0.32567049808429116,-0.5478927203065134,0.19157088122605365,-0.44061302681992337,0.2720306513409962,-0.6475095785440613,0.3103448275862069,-0.7701149425287356,0.3371647509578544,-0.8735632183908046,0.0842911877394636,-0.46360153256704983,0.08045977011494253,-0.7394636015325671,0.10344827586206896,-0.8850574712643678,0.11877394636015326,-1.0,-0.01532567049808429,-0.4329501915708812,0.02681992337164751,-0.6704980842911877,0.1685823754789272,-0.6091954022988506,0.26053639846743293,-0.5095785440613027,-0.11877394636015326,-0.39080459770114945,-0.0842911877394636,-0.5823754789272031,0.022988505747126436,-0.5900383141762452,0.11494252873563218,-0.5402298850574713
0,0.0,0.0,0.1953125,-0.078125,0.30078125,-0.25,0.3515625,-0.41796875,0.328125,-0.578125,0.14453125,-0.45703125,0.19140625,-0.65234375,0.21875,-0.76953125,0.234375,-0.8671875,0.05859375,-0.4765625,0.02734375,-0.74609375,0.0390625,-0.88671875,0.046875,-1.0,-0.01953125,-0.45703125,0.03125,-0.66796875,0.1875,-0.6171875,0.28125,-0.54296875,-0.08984375,-0.42578125,-0.0234375,-0.609375,0.1015625,-0.60546875,0.1953125,-0.55078125
0,0.0,0.0,0.17857142857142858,-0.11507936507936507,0.2619047619047619,-0.30158730158730157,0.3055555555555556,-0.4722222222222222,0.2698412698412698,-0.6309523809523809,0.0992063492063492,-0.5,0.1349206349206349,-0.6865079365079365,0.15079365079365079,-0.8015873015873016,0.17063492063492064,-0.8849206349206349,0.01984126984126984,-0.5119047619047619,-0.04365079365079365,-0.7698412698412699,-0.03968253968253968,-0.8928571428571429,-0.027777777777777776,-1.0,-0.047619047619047616,-0.4880952380952381,-0.003968253968253968,-0.7023809523809523,0.14285714285714285,-0.6587301587301587,0.24206349206349206,-0.5952380952380952,-0.09523809523809523,-0.45634920634920634,-0.023809523809523808,-0.6468253968253969,0.10317460317460317,-0.6547619047619048,0.1984126984126984,-0.6190476190476191
0,0.0,0.0,0.17372881355932204,-0.13135593220338984,0.24152542372881355,-0.3093220338983051,0.288135593220339,-0.4703389830508475,0.2542372881355932,-0.614406779661017,0.06779661016949153,-0.4830508474576271,0.09322033898305085,-0.6779661016949152,0.11440677966101695,-0.788135593220339,0.1228813559322034,-0.8728813559322034,-0.00423728813559322,-0.4915254237288136,-0.05508474576271186,-0.7584745762711864,-0.05508474576271186,-0.8940677966101694,-0.059322033898305086,-1.0,-0.0635593220338983,-0.4745762711864407,-0.00423728813559322,-0.6949152542372882,0.1483050847457627,-0.6610169491525424,0.24152542372881355,-0.597457627118644,-0.1016949152542373,-0.4406779661016949,-0.025423728813559324,-0.635593220338983,0.11016949152542373,-0.652542372881356,0.21610169491525424,-0.6228813559322034
0,0.0,0.0,0.16521739130434782,-0.12173913043478261,0.24782608695652175,-0.2956521739130435,0.2956521739130435,-0.45652173913043476,0.26956521739130435,-0.6086956521739131,0.06086956521739131,-0.4652173913043478,0.09565217391304348,-0.6652173913043479,0.12173913043478261,-0.782608695652174,0.13478260869565217,-0.8782608695652174,-0.008695652173913044,-0.4826086956521739,-0.06086956521739131,-0.7478260869565218,-0.05652173913043478,-0.8913043478260869,-0.05217391304347826,-1.0,-0.06956521739130435,-0.4608695652173913,0.017391304347826087,-0.6782608695652174,0.17391304347826086,-0.6434782608695652,0.26521739130434785,-0.5782608695652174,-0.1,-0.43478260869565216,-0.017391304347826087,-0.6304347826086957,0.12173913043478261,-0.6391304347826087,0.21739130434782608,-0.6043478260869565
0,0.0,0.0,0.17699115044247787,-0.08849557522123894,0.2831858407079646,-0.26548672566371684,0.3407079646017699,-0.43805309734513276,0.3141592920353982,-0.5973451327433629,0.12831858407079647,-0.47345132743362833,0.18141592920353983,-0.668141592920354,0.2079646017699115,-0.7787610619469026,0.23008849557522124,-0.8716814159292036,0.05309734513274336,-0.49557522123893805,0.008849557522123894,-0.7654867256637168,0.022123893805309734,-0.8982300884955752,0.035398230088495575,-1.0,-0.01327433628318584,-0.4778761061946903,0.035398230088495575,-0.6946902654867256,0.18584070796460178,-0.6504424778761062,0.2831858407079646,-0.584070796460177,-0.07079646017699115,-0.4557522123893805,0.004424778761061947,-0.6371681415929203,0.12831858407079647,-0.6371681415929203,0.2168141592920354,-0.588495575221239
0,0.0,0.0,0.2,-0.08636363636363636,0.3090909090909091,-0.2818181818181818,0.35454545454545455,-0.4636363636363636,0.33636363636363636,-0.6227272727272727,0.18636363636363637,-0.4636363636363636,0.2590909090909091,-0.6545454545454545,0.2909090909090909,-0.7681818181818182,0.31363636363636366,-0.8545454545454545,0.10454545454545454,-0.5,0.08636363636363636,-0.7636363636363637,0.10909090909090909,-0.9,0.13636363636363635,-1.0,0.02727272727272727,-0.4954545454545455,0.07727272727272727,-0.7318181818181818,0.22272727272727272,-0.6681818181818182,0.31363636363636366,-0.5636363636363636,-0.05,-0.4909090909090909,0.013636363636363636,-0.6954545454545454,0.12272727272727273,-0.6954545454545454,0.20454545454545456,-0.6409090909090909
0,0.0,0.0,0.22058823529411764,-0.058823529411764705,0.36764705882352944,-0.27450980392156865,0.4166666666666667,-0.4803921568627451,0.3627450980392157,-0.6225490196078431,0.27450980392156865,-0.46078431372549017,0.37745098039215685,-0.6470588235294118,0.4215686274509804,-0.7549019607843137,0.46078431372549017,-0.8529411764705882,0.18137254901960784,-0.5147058823529411,0.19607843137254902,-0.7647058823529411,0.23039215686274508,-0.8970588235294118,0.25980392156862747,-1.0,0.08333333333333333,-0.5147058823529411,0.14705882352941177,-0.7205882352941176,0.2647058823529412,-0.6176470588235294,0.3333333333333333,-0.4950980392156863,-0.024509803921568627,-0.5147058823529411,0.014705882352941176,-0.7058823529411765,0.11274509803921569,-0.7156862745098039,0.19607843137254902,-0.6813725490196079
0,0.0,0.0,0.24623115577889448,-0.07035175879396985,0.4020100502512563,-0.2814070351758794,0.4120603015075377,-0.5025125628140703,0.3417085427135678,-0.6331658291457286,0.35175879396984927,-0.4623115577889447,0.4824120603015075,-0.6532663316582915,0.5477386934673367,-0.7738693467336684,0.592964824120603,-0.8743718592964824,0.23618090452261306,-0.5226130653266332,0.2864321608040201,-0.7688442211055276,0.3417085427135678,-0.9095477386934674,0.3768844221105528,-1.0,0.12562814070351758,-0.5276381909547738,0.1708542713567839,-0.7487437185929648,0.27638190954773867,-0.7185929648241206,0.33668341708542715,-0.6331658291457286,0.0,-0.507537688442211,0.005025125628140704,-0.6934673366834171,0.09045226130653267,-0.7286432160804021,0.1658291457286432,-0.6934673366834171
0,0.0,0.0,0.21226415094339623,-0.08018867924528301,0.33962264150943394,-0.2783018867924528,0.35377358490566035,-0.4811320754716981,0.2783018867924528,-0.5990566037735849,0.35377358490566035,-0.4669811320754717,0.4858490566037736,-0.6556603773584906,0.5424528301886793,-0.7735849056603774,0.589622641509434,-0.8726415094339622,0.24056603773584906,-0.5235849056603774,0.3018867924528302,-0.75,0.3443396226415094,-0.9009433962264151,0.37264150943396224,-1.0,0.1179245283018868,-0.5188679245283019,0.13679245283018868,-0.7216981132075472,0.19811320754716982,-0.6933962264150944,0.23113207547169812,-0.6084905660377359,-0.014150943396226415,-0.4858490566037736,-0.018867924528301886,-0.6556603773584906,0.0330188679245283,-0.6792452830188679,0.08490566037735849,-0.6415094339622641
0,0.0,0.0,0.17391304347826086,-0.1,0.27391304347826084,-0.2956521739130435,0.2608695652173913,-0.49130434782608695,0.1826086956521739,-0.6217391304347826,0.30869565217391304,-0.4826086956521739,0.40869565217391307,-0.6826086956521739,0.4608695652173913,-0.808695652173913,0.5,-0.9043478260869565,0.19130434782608696,-0.5260869565217391,0.2391304347826087,-0.7521739130434782,0.2782608695652174,-0.8956521739130435,0.30434782608695654,-1.0,0.07391304347826087,-0.508695652173913,0.0782608695652174,-0.7,0.12608695652173912,-0.6652173913043479,0.1565217391304348,-0.5869565217391305,-0.04782608695652174,-0.46956521739130436,-0.0782608695652174,-0.6173913043478261,-0.0391304347826087,-0.6434782608695652,0.008695652173913044,-0.6173913043478261
0,0.0,0.0,0.15879828326180256,-0.0944206008583691,0.24034334763948498,-0.27467811158798283,0.2017167381974249,-0.44635193133047213,0.11158798283261803,-0.5665236051502146,0.2703862660944206,-0.49356223175965663,0.3562231759656652,-0.6952789699570815,0.3948497854077253,-0.8197424892703863,0.41630901287553645,-0.9141630901287554,0.15021459227467812,-0.5236051502145923,0.18454935622317598,-0.7510729613733905,0.20600858369098712,-0.9012875536480687,0.21888412017167383,-1.0,0.030042918454935622,-0.49356223175965663,0.008583690987124463,-0.6781115879828327,0.03862660944206009,-0.6394849785407726,0.06866952789699571,-0.5493562231759657,-0.09012875536480687,-0.43776824034334766,-0.11587982832618025,-0.5836909871244635,-0.0815450643776824,-0.592274678111588,-0.034334763948497854,-0.5493562231759657
0,0.0,0.0,0.13574660633484162,-0.07239819004524888,0.21266968325791855,-0.23076923076923078,0.16289592760180996,-0.37104072398190047,0.08144796380090498,-0.47058823529411764,0.23076923076923078,-0.4796380090497738,0.3031674208144796,-0.6877828054298643,0.334841628959276,-0.8099547511312217,0.35294117647058826,-0.9140271493212669,0.1085972850678733,-0.5067873303167421,0.13574660633484162,-0.7420814479638009,0.1493212669683258,-0.8868778280542986,0.1583710407239819,-1.0,-0.013574660633484163,-0.4751131221719457,-0.027149321266968326,-0.6515837104072398,0.0,-0.5384615384615384,0.02262443438914027,-0.4253393665158371,-0.12669683257918551,-0.4072398190045249,-0.15384615384615385,-0.5429864253393665,-0.13122171945701358,-0.5203619909502263,-0.1085972850678733,-0.4796380090497738
0,0.0,0.0,0.14285714285714285,-0.07142857142857142,0.23333333333333334,-0.2,0.2,-0.3476190476190476,0.1380952380952381,-0.4666666666666667,0.2619047619047619,-0.4666666666666667,0.35714285714285715,-0.6619047619047619,0.3952380952380952,-0.780952380952381,0.42857142857142855,-0.8857142857142857,0.1380952380952381,-0.5,0.18571428571428572,-0.7333333333333333,0.20952380952380953,-0.8809523809523809,0.22857142857142856,-1.0,0.014285714285714285,-0.4714285714285714,0.01904761904761905,-0.6476190476190476,0.04285714285714286,-0.5571428571428572,0.06666666666666667,-0.4523809523809524,-0.10952380952380952,-0.40476190476190477,-0.14285714285714285,-0.5476190476190477,-0.10952380952380952,-0.5428571428571428,-0.07142857142857142,-0.5047619047619047
0,0.0,0.0,0.19617224880382775,-0.06220095693779904,0.3349282296650718,-0.215311004784689,0.3492822966507177,-0.39712918660287083,0.3444976076555024,-0.5454545454545454,0.3684210526315789,-0.44976076555023925,0.49760765550239233,-0.6411483253588517,0.5645933014354066,-0.7559808612440191,0.6172248803827751,-0.8564593301435407,0.2583732057416268,-0.507177033492823,0.3349282296650718,-0.7320574162679426,0.3875598086124402,-0.8851674641148325,0.4258373205741627,-1.0,0.13875598086124402,-0.5023923444976076,0.18660287081339713,-0.6985645933014354,0.22009569377990432,-0.6602870813397129,0.23444976076555024,-0.5645933014354066,0.004784688995215311,-0.4688995215311005,0.014354066985645933,-0.645933014354067,0.06698564593301436,-0.6507177033492823,0.11004784688995216,-0.5980861244019139
0,0.0,0.0,0.23958333333333334,-0.046875,0.40625,-0.21354166666666666,0.453125,-0.421875,0.4479166666666667,-0.5729166666666666,0.4114583333333333,-0.40625,0.5833333333333334,-0.59375,0.6666666666666666,-0.7135416666666666,0.734375,-0.8177083333333334,0.3020833333333333,-0.4895833333333333,0.4114583333333333,-0.734375,0.4895833333333333,-0.890625,0.5416666666666666,-1.0,0.1875,-0.5104166666666666,0.2604166666666667,-0.734375,0.3177083333333333,-0.671875,0.3385416666666667,-0.5572916666666666,0.046875,-0.5052083333333334,0.078125,-0.6770833333333334,0.14583333333333334,-0.6979166666666666,0.203125,-0.65625
0,0.0,0.0,0.22277227722772278,-0.04455445544554455,0.3811881188118812,-0.18811881188118812,0.40594059405940597,-0.3811881188118812,0.3564356435643564,-0.5099009900990099,0.3712871287128713,-0.4158415841584158,0.5148514851485149,-0.599009900990099,0.5792079207920792,-0.7227722772277227,0.6336633663366337,-0.8316831683168316,0.2623762376237624,-0.48514851485148514,0.3316831683168317,-0.7326732673267327,0.3910891089108911,-0.8910891089108911,0.43564356435643564,-1.0,0.1485148514851485,-0.49504950495049505,0.21287128712871287,-0.6881188118811881,0.29207920792079206,-0.6089108910891089,0.32673267326732675,-0.4900990099009901,0.019801980198019802,-0.4801980198019802,0.054455445544554455,-0.6584158415841584,0.13861386138613863,-0.6485148514851485,0.20297029702970298,-0.5792079207920792
0,0.0,0.0,0.2132701421800948,-0.05687203791469194,0.36492890995260663,-0.2132701421800948,0.41706161137440756,-0.3886255924170616,0.4028436018957346,-0.5355450236966824,0.3033175355450237,-0.44075829383886256,0.4028436018957346,-0.6255924170616114,0.4549763033175355,-0.7440758293838863,0.4928909952606635,-0.8483412322274881,0.2037914691943128,-0.4834123222748815,0.24644549763033174,-0.7440758293838863,0.2938388625592417,-0.8909952606635071,0.3222748815165877,-1.0,0.10426540284360189,-0.4786729857819905,0.16113744075829384,-0.6682464454976303,0.27014218009478674,-0.5924170616113744,0.33175355450236965,-0.4928909952606635,-0.004739336492890996,-0.45023696682464454,0.037914691943127965,-0.6208530805687204,0.12796208530805686,-0.6066350710900474,0.2037914691943128,-0.5450236966824644
0,0.0,0.0,0.19815668202764977,-0.07373271889400922,0.3271889400921659,-0.2304147465437788,0.3824884792626728,-0.391705069124424,0.391705069124424,-0.5391705069124424,0.24423963133640553,-0.4470046082949309,0.31797235023041476,-0.6405529953917051,0.35944700460829493,-0.7511520737327189,0.391705069124424,-0.8525345622119815,0.15668202764976957,-0.4792626728110599,0.17050691244239632,-0.7419354838709677,0.20276497695852536,-0.8847926267281107,0.22119815668202766,-1.0,0.06451612903225806,-0.46543778801843316,0.12442396313364056,-0.6543778801843319,0.2534562211981567,-0.5806451612903226,0.3271889400921659,-0.48847926267281105,-0.027649769585253458,-0.43317972350230416,0.027649769585253458,-0.6036866359447005,0.12903225806451613,-0.5944700460829493,0.20276497695852536,-0.5391705069124424
0,0.0,0.0,0.19004524886877827,-0.08144796380090498,0.3076923076923077,-0.248868778280543,0.36199095022624433,-0.4117647058823529,0.36199095022624433,-0.5701357466063348,0.17194570135746606,-0.45701357466063347,0.2398190045248869,-0.6515837104072398,0.27149321266968324,-0.7647058823529411,0.29411764705882354,-0.8597285067873304,0.09049773755656108,-0.4841628959276018,0.09049773755656108,-0.746606334841629,0.11764705882352941,-0.8868778280542986,0.13122171945701358,-1.0,0.01809954751131222,-0.47058823529411764,0.09502262443438914,-0.665158371040724,0.24434389140271492,-0.6108597285067874,0.33031674208144796,-0.5339366515837104,-0.04072398190045249,-0.4479638009049774,0.049773755656108594,-0.6108597285067874,0.167420814479638,-0.5972850678733032,0.248868778280543,-0.5475113122171946
0,0.0,0.0,0.2,-0.09090909090909091,0.33181818181818185,-0.2545454545454545,0.38181818181818183,-0.4318181818181818,0.37727272727272726,-0.5863636363636363,0.2409090909090909,-0.44545454545454544,0.33181818181818185,-0.6409090909090909,0.37727272727272726,-0.759090909090909,0.41818181818181815,-0.8636363636363636,0.15454545454545454,-0.4863636363636364,0.15,-0.7545454545454545,0.18636363636363637,-0.8954545454545455,0.21818181818181817,-1.0,0.06818181818181818,-0.4818181818181818,0.1318181818181818,-0.6863636363636364,0.2681818181818182,-0.6363636363636364,0.35909090909090907,-0.55,-0.01818181818181818,-0.4636363636363636,0.04090909090909091,-0.6409090909090909,0.15454545454545454,-0.6409090909090909,0.24545454545454545,-0.5909090909090909
0,0.0,0.0,0.19313304721030042,-0.0815450643776824,0.296137339055794,-0.24892703862660945,0.2918454935622318,-0.4334763948497854,0.26180257510729615,-0.5579399141630901,0.3133047210300429,-0.4592274678111588,0.4291845493562232,-0.6523605150214592,0.48497854077253216,-0.7725321888412017,0.5278969957081545,-0.8755364806866953,0.2017167381974249,-0.5064377682403434,0.2532188841201717,-0.7296137339055794,0.2875536480686695,-0.8884120171673819,0.3218884120171674,-1.0,0.0815450643776824,-0.4892703862660944,0.10300429184549356,-0.6866952789699571,0.1630901287553648,-0.6609442060085837,0.20600858369098712,-0.575107296137339,-0.04721030042918455,-0.44635193133047213,-0.04721030042918455,-0.6137339055793991,0.0,-0.630901287553648,0.055793991416309016,-0.6008583690987125
0,0.0,0.0,0.1864406779661017,-0.0847457627118644,0.2796610169491525,-0.2754237288135593,0.2542372881355932,-0.4406779661016949,0.19915254237288135,-0.5550847457627118,0.3050847457627119,-0.4745762711864407,0.4025423728813559,-0.6652542372881356,0.4491525423728814,-0.7796610169491526,0.4788135593220339,-0.8771186440677966,0.1864406779661017,-0.5211864406779662,0.2330508474576271,-0.7457627118644068,0.2669491525423729,-0.8983050847457628,0.288135593220339,-1.0,0.0635593220338983,-0.5042372881355932,0.07627118644067797,-0.6864406779661016,0.13559322033898305,-0.652542372881356,0.17372881355932204,-0.5720338983050848,-0.059322033898305086,-0.4533898305084746,-0.0635593220338983,-0.597457627118644,-0.01694915254237288,-0.6186440677966102,0.03389830508474576,-0.6016949152542372
0,0.0,0.0,0.16666666666666666,-0.10087719298245613,0.2631578947368421,-0.2807017543859649,0.22807017543859648,-0.44298245614035087,0.16666666666666666,-0.5570175438596491,0.29385964912280704,-0.49122807017543857,0.39035087719298245,-0.6842105263157895,0.43859649122807015,-0.8026315789473685,0.47368421052631576,-0.9035087719298246,0.17543859649122806,-0.5307017543859649,0.22807017543859648,-0.7412280701754386,0.25877192982456143,-0.8947368421052632,0.2807017543859649,-1.0,0.04824561403508772,-0.5131578947368421,0.05263157894736842,-0.6885964912280702,0.09210526315789473,-0.6491228070175439,0.12280701754385964,-0.5657894736842105,-0.07456140350877193,-0.4605263157894737,-0.10087719298245613,-0.5964912280701754,-0.06578947368421052,-0.6271929824561403,-0.017543859649122806,-0.6140350877192983
1,0.0,0.0,0.30256410256410254,0.0,0.5487179487179488,-0.12307692307692308,0.7076923076923077,-0.24615384615384617,0.8256410256410256,-0.3128205128205128,0.4666666666666667,-0.4666666666666667,0.5897435897435898,-0.6256410256410256,0.6512820512820513,-0.7230769230769231,0.6871794871794872,-0.8,0.31794871794871793,-0.5487179487179488,0.40512820512820513,-0.7538461538461538,0.4564102564102564,-0.8717948717948718,0.49230769230769234,-0.958974358974359,0.17435897435897435,-0.5743589743589743,0.20512820512820512,-0.7794871794871795,0.2358974358974359,-0.8974358974358975,0.26666666666666666,-1.0,0.015384615384615385,-0.5692307692307692,-0.010256410256410256,-0.7282051282051282,-0.020512820512820513,-0.8307692307692308,-0.005128205128205128,-0.9179487179487179
1,0.0,0.0,0.3131868131868132,0.0,0.5659340659340659,-0.12087912087912088,0.7472527472527473,-0.24725274725274726,0.8736263736263736,-0.3241758241758242,0.489010989010989,-0.46703296703296704,0.6318681318681318,-0.6318681318681318,0.7032967032967034,-0.7307692307692307,0.7472527472527473,-0.8186813186813187,0.34065934065934067,-0.554945054945055,0.44505494505494503,-0.7582417582417582,0.5,-0.8736263736263736,0.5384615384615384,-0.967032967032967,0.19230769230769232,-0.5824175824175825,0.24175824175824176,-0.7912087912087912,0.27472527472527475,-0.9065934065934066,0.3131868131868132,-1.0,0.02197802197802198,-0.5769230769230769,0.0,-0.7362637362637363,0.0,-0.8406593406593407,0.02197802197802198,-0.9285714285714286
1,0.0,0.0,0.2978723404255319,-0.010638297872340425,0.5425531914893617,-0.13829787234042554,0.7127659574468085,-0.26595744680851063,0.8297872340425532,-0.3351063829787234,0.4627659574468085,-0.4787234042553192,0.5904255319148937,-0.6382978723404256,0.6542553191489362,-0.7393617021276596,0.6968085106382979,-0.824468085106383,0.3191489361702128,-0.5531914893617021,0.4095744680851064,-0.7606382978723404,0.4627659574468085,-0.8776595744680851,0.5,-0.973404255319149,0.1702127659574468,-0.574468085106383,0.2074468085106383,-0.7819148936170213,0.2393617021276596,-0.898936170212766,0.2712765957446808,-1.0,0.010638297872340425,-0.5585106382978723,-0.015957446808510637,-0.7180851063829787,-0.02127659574468085,-0.8191489361702128,0.0,-0.9095744680851063
1,0.0,0.0,0.2978723404255319,-0.005319148936170213,0.5372340425531915,-0.1276595744680851,0.7074468085106383,-0.2553191489361702,0.8351063829787234,-0.32978723404255317,0.4627659574468085,-0.46808510638297873,0.5957446808510638,-0.6329787234042553,0.6648936170212766,-0.7340425531914894,0.7074468085106383,-0.824468085106383,0.3191489361702128,-0.5478723404255319,0.42021276595744683,-0.7553191489361702,0.4734042553191489,-0.8776595744680851,0.5106382978723404,-0.973404255319149,0.17553191489361702,-0.5691489361702128,0.21808510638297873,-0.776595744680851,0.25,-0.898936170212766,0.28191489361702127,-1.0,0.010638297872340425,-0.5531914893617021,-0.010638297872340425,-0.7127659574468085,-0.015957446808510637,-0.8191489361702128,0.005319148936170213,-0.9095744680851063
1,0.0,0.0,0.3010752688172043,-0.005376344086021506,0.5483870967741935,-0.12903225806451613,0.7204301075268817,-0.25806451612903225,0.8387096774193549,-0.3279569892473118,0.4731182795698925,-0.46774193548387094,0.6075268817204301,-0.6290322580645161,0.6720430107526881,-0.7311827956989247,0.7150537634408602,-0.8172043010752689,0.3279569892473118,-0.543010752688172,0.43010752688172044,-0.7526881720430108,0.4838709677419355,-0.8709677419354839,0.521505376344086,-0.967741935483871,0.1827956989247312,-0.5698924731182796,0.22580645161290322,-0.7795698924731183,0.25268817204301075,-0.8978494623655914,0.2903225806451613,-1.0,0.016129032258064516,-0.5591397849462365,-0.005376344086021506,-0.7204301075268817,-0.010752688172043012,-0.8225806451612904,0.010752688172043012,-0.9139784946236559
1,0.0,0.0,0.30601092896174864,-0.00546448087431694,0.5573770491803278,-0.12568306010928962,0.726775956284153,-0.2568306010928962,0.8524590163934426,-0.32786885245901637,0.47540983606557374,-0.4644808743169399,0.6120218579234973,-0.6284153005464481,0.6830601092896175,-0.73224043715847,0.726775956284153,-0.8142076502732241,0.3333333333333333,-0.546448087431694,0.4371584699453552,-0.7486338797814208,0.4918032786885246,-0.8743169398907104,0.5300546448087432,-0.9726775956284153,0.18579234972677597,-0.5737704918032787,0.22950819672131148,-0.7814207650273224,0.26229508196721313,-0.9016393442622951,0.3005464480874317,-1.0,0.02185792349726776,-0.5628415300546448,-0.00546448087431694,-0.726775956284153,-0.00546448087431694,-0.825136612021858,0.01092896174863388,-0.9180327868852459
1,0.0,0.0,0.29508196721311475,0.0,0.546448087431694,-0.12568306010928962,0.7213114754098361,-0.25136612021857924,0.8469945355191257,-0.3224043715846995,0.46994535519125685,-0.4644808743169399,0.6010928961748634,-0.6284153005464481,0.6666666666666666,-0.73224043715847,0.7103825136612022,-0.8142076502732241,0.3224043715846995,-0.546448087431694,0.4262295081967213,-0.7540983606557377,0.4808743169398907,-0.8743169398907104,0.5191256830601093,-0.9726775956284153,0.17486338797814208,-0.5737704918032787,0.2185792349726776,-0.7814207650273224,0.25136612021857924,-0.9016393442622951,0.2896174863387978,-1.0,0.01092896174863388,-0.5573770491803278,-0.01092896174863388,-0.7213114754098361,-0.01639344262295082,-0.825136612021858,0.00546448087431694,-0.9180327868852459
1,0.0,0.0,0.3111111111111111,0.0,0.5666666666666667,-0.12222222222222222,0.7555555555555555,-0.25555555555555554,0.8833333333333333,-0.3388888888888889,0.49444444444444446,-0.4666666666666667,0.6333333333333333,-0.6388888888888888,0.7055555555555556,-0.7444444444444445,0.75,-0.8333333333333334,0.34444444444444444,-0.5444444444444444,0.45,-0.7555555555555555,0.5111111111111111,-0.8833333333333333,0.55,-0.9833333333333333,0.18888888888888888,-0.5722222222222222,0.2388888888888889,-0.7777777777777778,0.2777777777777778,-0.9,0.3111111111111111,-1.0,0.022222222222222223,-0.5611111111111111,0.0,-0.7222222222222222,0.0,-0.8222222222222222,0.022222222222222223,-0.9166666666666666
1,0.0,0.0,0.3111111111111111,0.0,0.5666666666666667,-0.12777777777777777,0.75,-0.2611111111111111,0.8833333333333333,-0.34444444444444444,0.48333333333333334,-0.4666666666666667,0.6333333333333333,-0.6333333333333333,0.7055555555555556,-0.7388888888888889,0.7555555555555555,-0.8333333333333334,0.3388888888888889,-0.5444444444444444,0.45,-0.7555555555555555,0.5111111111111111,-0.8833333333333333,0.5555555555555556,-0.9888888888888889,0.18333333333333332,-0.5722222222222222,0.2388888888888889,-0.7833333333333333,0.2722222222222222,-0.9,0.3111111111111111,-1.0,0.016666666666666666,-0.5611111111111111,-0.005555555555555556,-0.7222222222222222,0.0,-0.8222222222222222,0.022222222222222223,-0.9111111111111111
1,0.0,0.0,0.3021978021978022,0.0,0.5659340659340659,-0.12637362637362637,0.7472527472527473,-0.2692307692307692,0.8846153846153846,-0.3516483516483517,0.489010989010989,-0.46703296703296704,0.6373626373626373,-0.6373626373626373,0.7087912087912088,-0.7417582417582418,0.7582417582417582,-0.8351648351648352,0.34065934065934067,-0.5439560439560439,0.45604395604395603,-0.7582417582417582,0.521978021978022,-0.8846153846153846,0.5659340659340659,-0.989010989010989,0.18681318681318682,-0.5714285714285714,0.24175824175824176,-0.7802197802197802,0.2802197802197802,-0.8956043956043956,0.31868131868131866,-1.0,0.02197802197802198,-0.5604395604395604,0.005494505494505495,-0.7142857142857143,0.005494505494505495,-0.8131868131868132,0.02197802197802198,-0.9010989010989011
1,0.0,0.0,0.3016759776536313,0.0,0.5754189944134078,-0.12849162011173185,0.770949720670391,-0.2681564245810056,0.9217877094972067,-0.3575418994413408,0.5027932960893855,-0.46368715083798884,0.664804469273743,-0.6424581005586593,0.7374301675977654,-0.7486033519553073,0.7932960893854749,-0.8435754189944135,0.3575418994413408,-0.547486033519553,0.48044692737430167,-0.7597765363128491,0.547486033519553,-0.888268156424581,0.5977653631284916,-0.994413407821229,0.2011173184357542,-0.5754189944134078,0.26256983240223464,-0.7821229050279329,0.30726256983240224,-0.9050279329608939,0.3463687150837989,-1.0,0.027932960893854747,-0.5642458100558659,0.0223463687150838,-0.7150837988826816,0.027932960893854747,-0.8100558659217877,0.05027932960893855,-0.8938547486033519
1,0.0,0.0,0.30386740331491713,0.0055248618784530384,0.574585635359116,-0.12154696132596685,0.7734806629834254,-0.26519337016574585,0.9226519337016574,-0.35359116022099446,0.5082872928176796,-0.4585635359116022,0.6685082872928176,-0.6353591160220995,0.7458563535911602,-0.7458563535911602,0.8066298342541437,-0.8397790055248618,0.36464088397790057,-0.5414364640883977,0.4861878453038674,-0.7569060773480663,0.5580110497237569,-0.8895027624309392,0.6132596685082873,-0.988950276243094,0.20994475138121546,-0.569060773480663,0.27071823204419887,-0.7790055248618785,0.3149171270718232,-0.9005524861878453,0.35911602209944754,-1.0,0.03867403314917127,-0.5580110497237569,0.03314917127071823,-0.712707182320442,0.03867403314917127,-0.8066298342541437,0.06077348066298342,-0.8895027624309392
1,0.0,0.0,0.2918918918918919,-0.005405405405405406,0.5567567567567567,-0.13513513513513514,0.7567567567567568,-0.2702702702702703,0.9081081081081082,-0.3621621621621622,0.4972972972972973,-0.4648648648648649,0.654054054054054,-0.6486486486486487,0.7243243243243244,-0.7513513513513513,0.7837837837837838,-0.8486486486486486,0.35135135135135137,-0.5459459459459459,0.4702702702702703,-0.7621621621621621,0.5405405405405406,-0.8918918918918919,0.5945945945945946,-0.9945945945945946,0.2,-0.572972972972973,0.2594594594594595,-0.7783783783783784,0.3027027027027027,-0.8972972972972973,0.34594594594594597,-1.0,0.032432432432432434,-0.5567567567567567,0.02702702702702703,-0.7135135135135136,0.032432432432432434,-0.8054054054054054,0.05945945945945946,-0.8864864864864865
1,0.0,0.0,0.2918918918918919,0.0,0.5621621621621622,-0.12432432432432433,0.7567567567567568,-0.2648648648648649,0.9027027027027027,-0.3567567567567568,0.4972972972972973,-0.4648648648648649,0.6486486486486487,-0.6432432432432432,0.7243243243243244,-0.7567567567567568,0.7837837837837838,-0.8540540540540541,0.35135135135135137,-0.5459459459459459,0.4648648648648649,-0.7621621621621621,0.5351351351351351,-0.8918918918918919,0.5891891891891892,-1.0,0.1945945945945946,-0.5675675675675675,0.25405405405405407,-0.772972972972973,0.2972972972972973,-0.8972972972972973,0.34054054054054056,-1.0,0.032432432432432434,-0.5513513513513514,0.021621621621621623,-0.7027027027027027,0.021621621621621623,-0.7945945945945946,0.043243243243243246,-0.8864864864864865
1,0.0,0.0,0.2849740932642487,-0.010362694300518135,0.533678756476684,-0.13989637305699482,0.7046632124352331,-0.27461139896373055,0.8290155440414507,-0.3626943005181347,0.44559585492227977,-0.47150259067357514,0.5854922279792746,-0.6424870466321243,0.6528497409326425,-0.7512953367875648,0.6994818652849741,-0.844559585492228,0.30569948186528495,-0.5440414507772021,0.40414507772020725,-0.7616580310880829,0.46632124352331605,-0.8911917098445595,0.5077720207253886,-0.9948186528497409,0.15544041450777202,-0.5595854922279793,0.20207253886010362,-0.772020725388601,0.23316062176165803,-0.8963730569948186,0.2694300518134715,-1.0,-0.0051813471502590676,-0.538860103626943,-0.025906735751295335,-0.689119170984456,-0.025906735751295335,-0.7875647668393783,-0.0051813471502590676,-0.8756476683937824
1,0.0,0.0,0.2708333333333333,-0.010416666666666666,0.4947916666666667,-0.14583333333333334,0.6458333333333334,-0.2760416666666667,0.7447916666666666,-0.3489583333333333,0.3958333333333333,-0.4739583333333333,0.5052083333333334,-0.6354166666666666,0.5677083333333334,-0.7395833333333334,0.6041666666666666,-0.8177083333333334,0.2552083333333333,-0.546875,0.3333333333333333,-0.765625,0.3802083333333333,-0.890625,0.4114583333333333,-0.984375,0.11458333333333333,-0.5677083333333334,0.13020833333333334,-0.78125,0.15104166666666666,-0.9010416666666666,0.17708333333333334,-1.0,-0.036458333333333336,-0.5416666666666666,-0.078125,-0.6979166666666666,-0.09375,-0.8020833333333334,-0.08854166666666667,-0.890625
1,0.0,0.0,0.24102564102564103,-0.005128205128205128,0.4256410256410256,-0.14358974358974358,0.5282051282051282,-0.2717948717948718,0.6051282051282051,-0.3435897435897436,0.3282051282051282,-0.47692307692307695,0.41025641025641024,-0.6307692307692307,0.4512820512820513,-0.7333333333333333,0.48205128205128206,-0.8102564102564103,0.20512820512820512,-0.5435897435897435,0.2512820512820513,-0.7589743589743589,0.2923076923076923,-0.882051282051282,0.3230769230769231,-0.9743589743589743,0.08717948717948718,-0.5538461538461539,0.08205128205128205,-0.7692307692307693,0.09743589743589744,-0.8923076923076924,0.12307692307692308,-1.0,-0.035897435897435895,-0.517948717948718,-0.10256410256410256,-0.6871794871794872,-0.11794871794871795,-0.8,-0.1076923076923077,-0.8974358974358975
1,0.0,0.0,0.23039215686274508,-0.024509803921568627,0.39215686274509803,-0.1715686274509804,0.47058823529411764,-0.29901960784313725,0.5343137254901961,-0.36764705882352944,0.27450980392156865,-0.4803921568627451,0.3480392156862745,-0.6421568627450981,0.39215686274509803,-0.7401960784313726,0.4215686274509804,-0.8284313725490197,0.1568627450980392,-0.5392156862745098,0.19607843137254902,-0.7598039215686274,0.23529411764705882,-0.8872549019607843,0.2647058823529412,-0.9852941176470589,0.049019607843137254,-0.5441176470588235,0.03431372549019608,-0.7598039215686274,0.04411764705882353,-0.8872549019607843,0.06372549019607843,-1.0,-0.06372549019607843,-0.5,-0.12745098039215685,-0.6715686274509803,-0.14705882352941177,-0.7794117647058824,-0.14215686274509803,-0.8823529411764706
1,0.0,0.0,0.21904761904761905,-0.047619047619047616,0.37142857142857144,-0.20476190476190476,0.45714285714285713,-0.3380952380952381,0.5380952380952381,-0.4095238095238095,0.26666666666666666,-0.49047619047619045,0.34285714285714286,-0.6666666666666666,0.3761904761904762,-0.7714285714285715,0.40476190476190477,-0.8523809523809524,0.1523809523809524,-0.5380952380952381,0.19047619047619047,-0.7666666666666667,0.22380952380952382,-0.8952380952380953,0.2523809523809524,-1.0,0.04285714285714286,-0.5380952380952381,0.03333333333333333,-0.7523809523809524,0.04285714285714286,-0.8761904761904762,0.06190476190476191,-0.9857142857142858,-0.06666666666666667,-0.49523809523809526,-0.11904761904761904,-0.6523809523809524,-0.13333333333333333,-0.7571428571428571,-0.13333333333333333,-0.8523809523809524
1,0.0,0.0,0.23222748815165878,-0.07109004739336493,0.4028436018957346,-0.24644549763033174,0.4881516587677725,-0.3933649289099526,0.5734597156398105,-0.47393364928909953,0.2890995260663507,-0.5023696682464455,0.35545023696682465,-0.6872037914691943,0.3933649289099526,-0.7914691943127962,0.4265402843601896,-0.8815165876777251,0.16113744075829384,-0.5402843601895735,0.1943127962085308,-0.7582938388625592,0.22748815165876776,-0.8909952606635071,0.24644549763033174,-1.0,0.037914691943127965,-0.5308056872037915,0.02843601895734597,-0.7393364928909952,0.03317535545023697,-0.8578199052132701,0.04265402843601896,-0.966824644549763,-0.09004739336492891,-0.47393364928909953,-0.14218009478672985,-0.6303317535545023,-0.16113744075829384,-0.7298578199052133,-0.16587677725118483,-0.8199052132701422
1,0.0,0.0,0.22439024390243903,-0.06829268292682927,0.4146341463414634,-0.23414634146341465,0.5317073170731708,-0.3902439024390244,0.6292682926829268,-0.48292682926829267,0.32195121951219513,-0.5024390243902439,0.4097560975609756,-0.697560975609756,0.4585365853658537,-0.8097560975609757,0.4926829268292683,-0.9024390243902439,0.1951219512195122,-0.5463414634146342,0.24878048780487805,-0.7609756097560976,0.2780487804878049,-0.8926829268292683,0.3024390243902439,-1.0,0.06341463414634146,-0.5414634146341464,0.07804878048780488,-0.7414634146341463,0.08292682926829269,-0.8585365853658536,0.0975609756097561,-0.9609756097560975,-0.06829268292682927,-0.4926829268292683,-0.1024390243902439,-0.6292682926829268,-0.11707317073170732,-0.7170731707317073,-0.12195121951219512,-0.8
1,0.0,0.0,0.21393034825870647,-0.06965174129353234,0.40298507462686567,-0.23383084577114427,0.5323383084577115,-0.3880597014925373,0.6368159203980099,-0.4975124378109453,0.3283582089552239,-0.4975124378109453,0.4228855721393035,-0.6915422885572139,0.472636815920398,-0.8059701492537313,0.5174129353233831,-0.9054726368159204,0.20398009950248755,-0.5373134328358209,0.263681592039801,-0.7562189054726368,0.30845771144278605,-0.8905472636815921,0.34328358208955223,-1.0,0.07462686567164178,-0.527363184079602,0.0945273631840796,-0.7213930348258707,0.10945273631840796,-0.845771144278607,0.12437810945273632,-0.945273631840796,-0.05970149253731343,-0.472636815920398,-0.07960199004975124,-0.6069651741293532,-0.0845771144278607,-0.6965174129353234,-0.0845771144278607,-0.7761194029850746
1,0.0,0.0,0.20918367346938777,-0.07142857142857142,0.3877551020408163,-0.23469387755102042,0.5204081632653061,-0.3979591836734694,0.6377551020408163,-0.5153061224489796,0.32653061224489793,-0.5,0.41836734693877553,-0.6938775510204082,0.4642857142857143,-0.8112244897959183,0.5,-0.9183673469387755,0.20408163265306123,-0.5408163265306123,0.2653061224489796,-0.7551020408163265,0.29591836734693877,-0.8877551020408163,0.32142857142857145,-1.0,0.07653061224489796,-0.5255102040816326,0.10204081632653061,-0.7142857142857143,0.11224489795918367,-0.8367346938775511,0.12755102040816327,-0.9438775510204082,-0.05612244897959184,-0.4744897959183674,-0.07142857142857142,-0.6071428571428571,-0.07653061224489796,-0.6938775510204082,-0.07653061224489796,-0.7755102040816326
1,0.0,0.0,0.2153846153846154,-0.07692307692307693,0.38974358974358975,-0.24102564102564103,0.517948717948718,-0.40512820512820513,0.6256410256410256,-0.5230769230769231,0.31794871794871793,-0.5025641025641026,0.40512820512820513,-0.6923076923076923,0.4461538461538462,-0.8102564102564103,0.47692307692307695,-0.9128205128205128,0.19487179487179487,-0.5384615384615384,0.2512820512820513,-0.7538461538461538,0.28205128205128205,-0.8871794871794871,0.30256410256410254,-1.0,0.06153846153846154,-0.5230769230769231,0.08717948717948718,-0.7128205128205128,0.09743589743589744,-0.8307692307692308,0.1076923076923077,-0.9333333333333333,-0.06666666666666667,-0.4717948717948718,-0.07692307692307693,-0.6,-0.08205128205128205,-0.6820512820512821,-0.08717948717948718,-0.7589743589743589
1,0.0,0.0,0.20388349514563106,-0.0825242718446602,0.3737864077669903,-0.24271844660194175,0.49514563106796117,-0.39805825242718446,0.5970873786407767,-0.5145631067961165,0.2961165048543689,-0.5097087378640777,0.38349514563106796,-0.7038834951456311,0.4223300970873786,-0.8155339805825242,0.4563106796116505,-0.912621359223301,0.17475728155339806,-0.5436893203883495,0.22815533980582525,-0.7621359223300971,0.2524271844660194,-0.8932038834951457,0.27184466019417475,-1.0,0.04854368932038835,-0.5242718446601942,0.06796116504854369,-0.7184466019417476,0.07766990291262135,-0.8398058252427184,0.09223300970873786,-0.941747572815534,-0.08737864077669903,-0.470873786407767,-0.10679611650485436,-0.5970873786407767,-0.11650485436893204,-0.6796116504854369,-0.11165048543689321,-0.7572815533980582
1,0.0,0.0,0.21904761904761905,-0.0761904761904762,0.3904761904761905,-0.24285714285714285,0.5095238095238095,-0.40476190476190477,0.6142857142857143,-0.5142857142857142,0.3047619047619048,-0.5095238095238095,0.38571428571428573,-0.7047619047619048,0.42857142857142855,-0.819047619047619,0.45714285714285713,-0.9142857142857143,0.1761904761904762,-0.5476190476190477,0.22857142857142856,-0.7666666666666667,0.2571428571428571,-0.9,0.2761904761904762,-1.0,0.047619047619047616,-0.5285714285714286,0.06190476190476191,-0.7238095238095238,0.07142857142857142,-0.8380952380952381,0.08571428571428572,-0.9333333333333333,-0.08571428571428572,-0.4714285714285714,-0.10476190476190476,-0.6,-0.11904761904761904,-0.680952380952381,-0.11904761904761904,-0.7619047619047619
1,0.0,0.0,0.22325581395348837,-0.06976744186046512,0.3953488372093023,-0.24186046511627907,0.5069767441860465,-0.386046511627907,0.6046511627906976,-0.46511627906976744,0.27906976744186046,-0.5116279069767442,0.3627906976744186,-0.6930232558139535,0.4046511627906977,-0.8,0.4325581395348837,-0.8930232558139535,0.14418604651162792,-0.5488372093023256,0.1813953488372093,-0.7674418604651163,0.20465116279069767,-0.8976744186046511,0.2186046511627907,-1.0,0.018604651162790697,-0.5395348837209303,0.018604651162790697,-0.7348837209302326,0.018604651162790697,-0.8558139534883721,0.018604651162790697,-0.958139534883721,-0.11627906976744186,-0.48372093023255813,-0.14883720930232558,-0.6186046511627907,-0.16744186046511628,-0.7069767441860465,-0.17674418604651163,-0.7906976744186046
1,0.0,0.0,0.2169811320754717,-0.04716981132075472,0.3915094339622642,-0.19811320754716982,0.5094339622641509,-0.33490566037735847,0.6037735849056604,-0.41509433962264153,0.29245283018867924,-0.49528301886792453,0.37264150943396224,-0.6792452830188679,0.419811320754717,-0.7830188679245284,0.4481132075471698,-0.8773584905660378,0.16037735849056603,-0.5471698113207547,0.2028301886792453,-0.7641509433962265,0.23113207547169812,-0.8962264150943396,0.24528301886792453,-1.0,0.0330188679245283,-0.5424528301886793,0.02830188679245283,-0.75,0.02830188679245283,-0.8726415094339622,0.0330188679245283,-0.9716981132075472,-0.09905660377358491,-0.5,-0.1509433962264151,-0.6509433962264151,-0.16981132075471697,-0.7452830188679245,-0.17452830188679244,-0.8349056603773585
1,0.0,0.0,0.23786407766990292,-0.024271844660194174,0.4223300970873786,-0.18446601941747573,0.5242718446601942,-0.32038834951456313,0.6067961165048543,-0.3883495145631068,0.32038834951456313,-0.49514563106796117,0.4077669902912621,-0.6650485436893204,0.45145631067961167,-0.7718446601941747,0.48058252427184467,-0.8592233009708737,0.1941747572815534,-0.5485436893203883,0.23786407766990292,-0.7718446601941747,0.2766990291262136,-0.8980582524271845,0.30097087378640774,-1.0,0.07766990291262135,-0.5436893203883495,0.07281553398058252,-0.7572815533980582,0.09223300970873786,-0.883495145631068,0.11165048543689321,-0.9951456310679612,-0.04854368932038835,-0.5,-0.10679611650485436,-0.6553398058252428,-0.1262135922330097,-0.7572815533980582,-0.12135922330097088,-0.8592233009708737
1,0.0,0.0,0.2318840579710145,-0.028985507246376812,0.4251207729468599,-0.18357487922705315,0.5507246376811594,-0.3188405797101449,0.6521739130434783,-0.391304347826087,0.33816425120772947,-0.48792270531400966,0.4396135265700483,-0.6618357487922706,0.4927536231884058,-0.7681159420289855,0.5314009661835749,-0.855072463768116,0.21256038647342995,-0.5458937198067633,0.2753623188405797,-0.7681159420289855,0.3188405797101449,-0.8985507246376812,0.34782608695652173,-1.0,0.09178743961352658,-0.5507246376811594,0.10144927536231885,-0.7632850241545893,0.12077294685990338,-0.8888888888888888,0.14492753623188406,-0.9903381642512077,-0.03864734299516908,-0.5072463768115942,-0.08695652173913043,-0.6714975845410628,-0.10144927536231885,-0.7729468599033816,-0.09178743961352658,-0.8743961352657005
2,0.0,0.0,0.4166666666666667,-0.05,0.8,-0.3,0.9666666666666667,-0.6416666666666667,0.8083333333333333,-0.8666666666666667,0.7083333333333334,-0.5833333333333334,0.9,-0.7666666666666667,0.8,-0.5333333333333333,0.6916666666666667,-0.4666666666666667,0.5416666666666666,-0.675,0.7333333333333333,-0.9,0.6333333333333333,-0.5666666666666667,0.5,-0.48333333333333334,0.35833333333333334,-0.75,0.5583333333333333,-1.0,0.48333333333333334,-0.65,0.35,-0.5166666666666667,0.125,-0.8083333333333333,0.35,-0.9916666666666667,0.3333333333333333,-0.75,0.23333333333333334,-0.625
2,0.0,0.0,0.42105263157894735,0.0,0.8421052631578947,-0.23684210526315788,1.0,-0.5964912280701754,0.8333333333333334,-0.8333333333333334,0.7368421052631579,-0.5175438596491229,0.9385964912280702,-0.6666666666666666,0.8157894736842105,-0.4473684210526316,0.7017543859649122,-0.4298245614035088,0.5526315789473685,-0.6228070175438597,0.7719298245614035,-0.8245614035087719,0.631578947368421,-0.4824561403508772,0.5087719298245614,-0.4473684210526316,0.35964912280701755,-0.6929824561403509,0.5701754385964912,-0.9122807017543859,0.47368421052631576,-0.543859649122807,0.34210526315789475,-0.4649122807017544,0.12280701754385964,-0.7631578947368421,0.34210526315789475,-0.8859649122807017,0.3157894736842105,-0.631578947368421,0.21052631578947367,-0.5614035087719298
2,0.0,0.0,0.3813559322033898,0.025423728813559324,0.8305084745762712,-0.22033898305084745,1.0,-0.5932203389830508,0.8220338983050848,-0.7966101694915254,0.7627118644067796,-0.5,0.9322033898305084,-0.652542372881356,0.8050847457627118,-0.4491525423728814,0.711864406779661,-0.4067796610169492,0.5847457627118644,-0.6101694915254238,0.7542372881355932,-0.8050847457627118,0.6271186440677966,-0.4830508474576271,0.5338983050847458,-0.4322033898305085,0.3813559322033898,-0.6864406779661016,0.5508474576271186,-0.8983050847457628,0.4661016949152542,-0.5423728813559322,0.3474576271186441,-0.4576271186440678,0.1440677966101695,-0.7542372881355932,0.3389830508474576,-0.8728813559322034,0.3050847457627119,-0.6271186440677966,0.22033898305084745,-0.5508474576271186
2,0.0,0.0,0.37719298245614036,0.008771929824561403,0.8245614035087719,-0.23684210526315788,0.9912280701754386,-0.6052631578947368,0.8421052631578947,-0.8333333333333334,0.8245614035087719,-0.5263157894736842,1.0,-0.7017543859649122,0.8421052631578947,-0.5,0.7368421052631579,-0.4649122807017544,0.631578947368421,-0.6578947368421053,0.7807017543859649,-0.8508771929824561,0.631578947368421,-0.5175438596491229,0.5614035087719298,-0.49122807017543857,0.41228070175438597,-0.7280701754385965,0.5614035087719298,-0.9298245614035088,0.4473684210526316,-0.5701754385964912,0.3508771929824561,-0.5087719298245614,0.14912280701754385,-0.7894736842105263,0.32456140350877194,-0.9035087719298246,0.2719298245614035,-0.6491228070175439,0.19298245614035087,-0.5964912280701754
2,0.0,0.0,0.3482142857142857,-0.03571428571428571,0.7589285714285714,-0.30357142857142855,0.8839285714285714,-0.6875,0.7142857142857143,-0.9017857142857143,0.8303571428571429,-0.6339285714285714,0.9821428571428571,-0.8571428571428571,0.8125,-0.6071428571428571,0.7321428571428571,-0.5535714285714286,0.5982142857142857,-0.7321428571428571,0.7321428571428571,-0.9464285714285714,0.5714285714285714,-0.5892857142857143,0.5625,-0.6160714285714286,0.35714285714285715,-0.7857142857142857,0.4732142857142857,-1.0,0.38392857142857145,-0.6428571428571429,0.35714285714285715,-0.6339285714285714,0.08928571428571429,-0.8303571428571429,0.21428571428571427,-0.9464285714285714,0.17857142857142858,-0.7053571428571429,0.13392857142857142,-0.6785714285714286
2,0.0,0.0,0.3644859813084112,-0.07476635514018691,0.7570093457943925,-0.34579439252336447,0.8598130841121495,-0.7009345794392523,0.7102803738317757,-0.9158878504672897,0.7663551401869159,-0.7289719626168224,0.9158878504672897,-0.897196261682243,0.8037383177570093,-0.6542056074766355,0.7289719626168224,-0.6074766355140186,0.5420560747663551,-0.8037383177570093,0.6355140186915887,-0.9626168224299065,0.5607476635514018,-0.616822429906542,0.5420560747663551,-0.616822429906542,0.29906542056074764,-0.8317757009345794,0.3925233644859813,-1.0,0.3644859813084112,-0.6448598130841121,0.32710280373831774,-0.616822429906542,0.018691588785046728,-0.8411214953271028,0.14953271028037382,-0.9252336448598131,0.14018691588785046,-0.6915887850467289,0.102803738317757,-0.6542056074766355
2,0.0,0.0,0.3786407766990291,-0.04854368932038835,0.8252427184466019,-0.32038834951456313,0.9223300970873787,-0.6796116504854369,0.7378640776699029,-0.912621359223301,0.7864077669902912,-0.7475728155339806,0.9320388349514563,-0.912621359223301,0.8058252427184466,-0.6310679611650486,0.7281553398058253,-0.5922330097087378,0.5533980582524272,-0.8252427184466019,0.6504854368932039,-0.9805825242718447,0.5728155339805825,-0.6213592233009708,0.5436893203883495,-0.6116504854368932,0.30097087378640774,-0.8543689320388349,0.39805825242718446,-1.0,0.3592233009708738,-0.6407766990291263,0.3106796116504854,-0.6116504854368932,0.009708737864077669,-0.8446601941747572,0.14563106796116504,-0.9320388349514563,0.13592233009708737,-0.6796116504854369,0.07766990291262135,-0.6504854368932039
2,0.0,0.0,0.43137254901960786,-0.00980392156862745,0.8725490196078431,-0.27450980392156865,1.0,-0.6470588235294118,0.8235294117647058,-0.8627450980392157,0.7647058823529411,-0.696078431372549,0.9411764705882353,-0.8627450980392157,0.8333333333333334,-0.5784313725490197,0.7549019607843137,-0.5294117647058824,0.5588235294117647,-0.7647058823529411,0.696078431372549,-0.9215686274509803,0.6274509803921569,-0.5588235294117647,0.5686274509803921,-0.5490196078431373,0.3235294117647059,-0.7941176470588235,0.4803921568627451,-0.9509803921568627,0.4411764705882353,-0.5784313725490197,0.3627450980392157,-0.5392156862745098,0.049019607843137254,-0.803921568627451,0.23529411764705882,-0.8725490196078431,0.23529411764705882,-0.6176470588235294,0.14705882352941177,-0.5784313725490197
2,0.0,0.0,0.4174757281553398,0.02912621359223301,0.8446601941747572,-0.20388349514563106,1.0,-0.5436893203883495,0.8349514563106796,-0.7378640776699029,0.7281553398058253,-0.5825242718446602,0.9029126213592233,-0.7475728155339806,0.8155339805825242,-0.4854368932038835,0.7281553398058253,-0.4174757281553398,0.5436893203883495,-0.6601941747572816,0.7184466019417476,-0.8155339805825242,0.6310679611650486,-0.4854368932038835,0.5436893203883495,-0.44660194174757284,0.3300970873786408,-0.7087378640776699,0.5242718446601942,-0.8640776699029126,0.4563106796116505,-0.5145631067961165,0.3592233009708738,-0.4563106796116505,0.08737864077669903,-0.7378640776699029,0.30097087378640774,-0.8155339805825242,0.27184466019417475,-0.5631067961165048,0.1650485436893204,-0.5048543689320388
2,0.0,0.0,0.4077669902912621,0.019417475728155338,0.8252427184466019,-0.1941747572815534,1.0,-0.5048543689320388,0.8640776699029126,-0.6990291262135923,0.6893203883495146,-0.5922330097087378,0.883495145631068,-0.7184466019417476,0.8058252427184466,-0.4563106796116505,0.7184466019417476,-0.4174757281553398,0.5145631067961165,-0.6699029126213593,0.7184466019417476,-0.7864077669902912,0.6310679611650486,-0.4563106796116505,0.5339805825242718,-0.46601941747572817,0.3106796116504854,-0.7184466019417476,0.5339805825242718,-0.8446601941747572,0.46601941747572817,-0.5145631067961165,0.34951456310679613,-0.4854368932038835,0.07766990291262135,-0.7572815533980582,0.32038834951456313,-0.8155339805825242,0.2912621359223301,-0.5728155339805825,0.17475728155339806,-0.5339805825242718
2,0.0,0.0,0.3925233644859813,0.06542056074766354,0.8037383177570093,-0.12149532710280374,1.0,-0.411214953271028,0.8785046728971962,-0.616822429906542,0.6542056074766355,-0.5233644859813084,0.8504672897196262,-0.616822429906542,0.794392523364486,-0.37383177570093457,0.7009345794392523,-0.3364485981308411,0.5046728971962616,-0.5981308411214953,0.7289719626168224,-0.6915887850467289,0.6261682242990654,-0.38317757009345793,0.514018691588785,-0.38317757009345793,0.3364485981308411,-0.6542056074766355,0.5794392523364486,-0.7570093457943925,0.48598130841121495,-0.42990654205607476,0.34579439252336447,-0.411214953271028,0.12149532710280374,-0.7102803738317757,0.3925233644859813,-0.7383177570093458,0.34579439252336447,-0.514018691588785,0.205607476635514,-0.48598130841121495
2,0.0,0.0,0.41346153846153844,0.04807692307692308,0.8076923076923077,-0.125,1.0,-0.4230769230769231,0.875,-0.6538461538461539,0.6442307692307693,-0.49038461538461536,0.8653846153846154,-0.6153846153846154,0.8076923076923077,-0.38461538461538464,0.6730769230769231,-0.3076923076923077,0.5,-0.5769230769230769,0.7596153846153846,-0.7211538461538461,0.6442307692307693,-0.40384615384615385,0.47115384615384615,-0.3557692307692308,0.34615384615384615,-0.6538461538461539,0.6153846153846154,-0.7692307692307693,0.49038461538461536,-0.4326923076923077,0.3076923076923077,-0.375,0.1346153846153846,-0.7211538461538461,0.4326923076923077,-0.7788461538461539,0.38461538461538464,-0.5384615384615384,0.22115384615384615,-0.49038461538461536
2,0.0,0.0,0.40186915887850466,0.06542056074766354,0.8037383177570093,-0.14018691588785046,1.0,-0.42990654205607476,0.8691588785046729,-0.6355140186915887,0.6355140186915887,-0.5046728971962616,0.822429906542056,-0.6448598130841121,0.7663551401869159,-0.40186915887850466,0.6728971962616822,-0.3177570093457944,0.4766355140186916,-0.5794392523364486,0.7009345794392523,-0.7289719626168224,0.6074766355140186,-0.40186915887850466,0.4672897196261682,-0.34579439252336447,0.308411214953271,-0.6448598130841121,0.5514018691588785,-0.7850467289719626,0.45794392523364486,-0.4485981308411215,0.308411214953271,-0.37383177570093457,0.102803738317757,-0.7009345794392523,0.3644859813084112,-0.7663551401869159,0.32710280373831774,-0.5327102803738317,0.19626168224299065,-0.45794392523364486
2,0.0,0.0,0.3867924528301887,0.0660377358490566,0.8301886792452831,-0.1509433962264151,1.0,-0.4716981132075472,0.8490566037735849,-0.6698113207547169,0.7075471698113207,-0.5094339622641509,0.8490566037735849,-0.6698113207547169,0.7735849056603774,-0.42452830188679247,0.7169811320754716,-0.3490566037735849,0.5188679245283019,-0.5849056603773585,0.6792452830188679,-0.7452830188679245,0.5943396226415094,-0.42452830188679247,0.5188679245283019,-0.3867924528301887,0.33962264150943394,-0.6415094339622641,0.5,-0.8018867924528302,0.41509433962264153,-0.46226415094339623,0.32075471698113206,-0.3867924528301887,0.11320754716981132,-0.6886792452830188,0.3113207547169811,-0.7735849056603774,0.27358490566037735,-0.5471698113207547,0.1792452830188679,-0.4811320754716981
2,0.0,0.0,0.4270833333333333,0.041666666666666664,0.8958333333333334,-0.2708333333333333,1.0,-0.6666666666666666,0.78125,-0.84375,0.7708333333333334,-0.6458333333333334,0.9375,-0.8541666666666666,0.8333333333333334,-0.5416666666666666,0.78125,-0.4583333333333333,0.5520833333333334,-0.71875,0.6979166666666666,-0.9166666666666666,0.6145833333333334,-0.5416666666666666,0.5625,-0.5,0.3229166666666667,-0.7604166666666666,0.46875,-0.96875,0.40625,-0.5833333333333334,0.3333333333333333,-0.5,0.052083333333333336,-0.78125,0.22916666666666666,-0.9166666666666666,0.20833333333333334,-0.6458333333333334,0.125,-0.5625
2,0.0,0.0,0.37373737373737376,-0.010101010101010102,0.7777777777777778,-0.3333333333333333,0.8282828282828283,-0.7171717171717171,0.6363636363636364,-0.898989898989899,0.7575757575757576,-0.696969696969697,0.8787878787878788,-0.9393939393939394,0.7373737373737373,-0.6868686868686869,0.6868686868686869,-0.5757575757575758,0.5151515151515151,-0.7676767676767676,0.5858585858585859,-0.98989898989899,0.494949494949495,-0.6262626262626263,0.494949494949495,-0.5656565656565656,0.2727272727272727,-0.7878787878787878,0.3333333333333333,-1.0,0.2727272727272727,-0.6363636363636364,0.24242424242424243,-0.5454545454545454,-0.010101010101010102,-0.7878787878787878,0.08080808080808081,-0.9191919191919192,0.050505050505050504,-0.6565656565656566,0.020202020202020204,-0.5757575757575758
2,0.0,0.0,0.330188679245283,-0.09433962264150944,0.660377358490566,-0.4056603773584906,0.6792452830188679,-0.7735849056603774,0.5,-0.9433962264150944,0.6509433962264151,-0.7358490566037735,0.7264150943396226,-0.9716981132075472,0.6226415094339622,-0.7075471698113207,0.5754716981132075,-0.6226415094339622,0.41509433962264153,-0.7924528301886793,0.4716981132075472,-1.0,0.42452830188679247,-0.660377358490566,0.41509433962264153,-0.6320754716981132,0.18867924528301888,-0.7924528301886793,0.2358490566037736,-1.0,0.22641509433962265,-0.660377358490566,0.20754716981132076,-0.5943396226415094,-0.0660377358490566,-0.7735849056603774,0.018867924528301886,-0.9056603773584906,0.02830188679245283,-0.6698113207547169,0.009433962264150943,-0.5943396226415094
2,0.0,0.0,0.27927927927927926,-0.13513513513513514,0.5855855855855856,-0.43243243243243246,0.6306306306306306,-0.7657657657657657,0.4594594594594595,-0.972972972972973,0.5495495495495496,-0.7657657657657657,0.6576576576576577,-0.963963963963964,0.5855855855855856,-0.6936936936936937,0.5225225225225225,-0.6306306306306306,0.34234234234234234,-0.8198198198198198,0.42342342342342343,-1.0,0.3963963963963964,-0.6666666666666666,0.35135135135135137,-0.6666666666666666,0.12612612612612611,-0.8108108108108109,0.2072072072072072,-1.0,0.21621621621621623,-0.6666666666666666,0.16216216216216217,-0.6306306306306306,-0.11711711711711711,-0.7747747747747747,-0.009009009009009009,-0.9009009009009009,0.018018018018018018,-0.6756756756756757,-0.02702702702702703,-0.6216216216216216
2,0.0,0.0,0.3153153153153153,-0.0990990990990991,0.6756756756756757,-0.40540540540540543,0.7207207207207207,-0.7567567567567568,0.5315315315315315,-0.918918918918919,0.6126126126126126,-0.7927927927927928,0.7297297297297297,-0.963963963963964,0.6486486486486487,-0.6936936936936937,0.6036036036036037,-0.6396396396396397,0.4144144144144144,-0.8378378378378378,0.4864864864864865,-1.0,0.45045045045045046,-0.6756756756756757,0.42342342342342343,-0.6576576576576577,0.1981981981981982,-0.8198198198198198,0.26126126126126126,-1.0,0.2702702702702703,-0.6846846846846847,0.24324324324324326,-0.6306306306306306,-0.04504504504504504,-0.7927927927927928,0.04504504504504504,-0.9099099099099099,0.08108108108108109,-0.6936936936936937,0.04504504504504504,-0.6306306306306306
2,0.0,0.0,0.3592233009708738,-0.08737864077669903,0.7572815533980582,-0.36893203883495146,0.883495145631068,-0.7087378640776699,0.7184466019417476,-0.9320388349514563,0.6699029126213593,-0.7961165048543689,0.8058252427184466,-0.9514563106796117,0.7281553398058253,-0.6796116504854369,0.6504854368932039,-0.6213592233009708,0.4563106796116505,-0.8543689320388349,0.5728155339805825,-1.0,0.5242718446601942,-0.6601941747572816,0.47572815533980584,-0.6213592233009708,0.23300970873786409,-0.8543689320388349,0.33980582524271846,-1.0,0.3300970873786408,-0.6601941747572816,0.27184466019417475,-0.6116504854368932,-0.019417475728155338,-0.8252427184466019,0.1262135922330097,-0.912621359223301,0.13592233009708737,-0.6796116504854369,0.06796116504854369,-0.6310679611650486
2,0.0,0.0,0.41836734693877553,-0.08163265306122448,0.8367346938775511,-0.3673469387755102,0.9795918367346939,-0.6938775510204082,0.826530612244898,-0.9081632653061225,0.6836734693877551,-0.8163265306122449,0.8979591836734694,-0.9591836734693877,0.7959183673469388,-0.6632653061224489,0.7040816326530612,-0.6224489795918368,0.46938775510204084,-0.8673469387755102,0.6632653061224489,-1.0,0.5816326530612245,-0.6632653061224489,0.5102040816326531,-0.6530612244897959,0.22448979591836735,-0.8775510204081632,0.42857142857142855,-0.9897959183673469,0.3877551020408163,-0.6632653061224489,0.2857142857142857,-0.6428571428571429,-0.030612244897959183,-0.8571428571428571,0.1836734693877551,-0.9081632653061225,0.17346938775510204,-0.6836734693877551,0.08163265306122448,-0.6428571428571429
2,0.0,0.0,0.45161290322580644,-0.03225806451612903,0.8172043010752689,-0.26881720430107525,1.0,-0.5376344086021505,0.9032258064516129,-0.7311827956989247,0.6559139784946236,-0.6989247311827957,0.8709677419354839,-0.8494623655913979,0.8172043010752689,-0.5913978494623656,0.7311827956989247,-0.5268817204301075,0.4946236559139785,-0.7634408602150538,0.7311827956989247,-0.8924731182795699,0.6451612903225806,-0.5698924731182796,0.5268817204301075,-0.5591397849462365,0.2903225806451613,-0.8172043010752689,0.5483870967741935,-0.9354838709677419,0.4838709677419355,-0.6129032258064516,0.34408602150537637,-0.5806451612903226,0.053763440860215055,-0.8494623655913979,0.34408602150537637,-0.9032258064516129,0.3118279569892473,-0.6774193548387096,0.17204301075268819,-0.6344086021505376
2,0.0,0.0,0.46153846153846156,0.0,0.8021978021978022,-0.18681318681318682,1.0,-0.45054945054945056,0.9010989010989011,-0.6813186813186813,0.6043956043956044,-0.5824175824175825,0.8461538461538461,-0.7142857142857143,0.8131868131868132,-0.4945054945054945,0.6813186813186813,-0.4065934065934066,0.4835164835164835,-0.6703296703296703,0.7582417582417582,-0.8021978021978022,0.6923076923076923,-0.5054945054945055,0.5054945054945055,-0.45054945054945056,0.34065934065934067,-0.7472527472527473,0.6483516483516484,-0.8681318681318682,0.5604395604395604,-0.5494505494505495,0.3626373626373626,-0.5054945054945055,0.13186813186813187,-0.8131868131868132,0.4725274725274725,-0.8571428571428571,0.43956043956043955,-0.6263736263736264,0.26373626373626374,-0.5714285714285714
2,0.0,0.0,0.43333333333333335,0.022222222222222223,0.8,-0.16666666666666666,1.0,-0.4444444444444444,0.8888888888888888,-0.6555555555555556,0.6666666666666666,-0.5222222222222223,0.8888888888888888,-0.6666666666666666,0.9333333333333333,-0.5333333333333333,0.8555555555555555,-0.4666666666666667,0.5333333333333333,-0.6222222222222222,0.8111111111111111,-0.7555555555555555,0.7222222222222222,-0.4777777777777778,0.5666666666666667,-0.4111111111111111,0.36666666666666664,-0.7,0.6555555555555556,-0.8111111111111111,0.5555555555555556,-0.5111111111111111,0.37777777777777777,-0.4444444444444444,0.15555555555555556,-0.7777777777777778,0.4666666666666667,-0.8333333333333334,0.43333333333333335,-0.6222222222222222,0.28888888888888886,-0.5444444444444444
2,0.0,0.0,0.4157303370786517,0.06741573033707865,0.797752808988764,-0.14606741573033707,1.0,-0.449438202247191,0.8764044943820225,-0.651685393258427,0.651685393258427,-0.5393258426966292,0.8876404494382022,-0.6741573033707865,0.8314606741573034,-0.42696629213483145,0.7191011235955056,-0.33707865168539325,0.4943820224719101,-0.6179775280898876,0.7640449438202247,-0.7528089887640449,0.6629213483146067,-0.43820224719101125,0.5056179775280899,-0.38202247191011235,0.3258426966292135,-0.6853932584269663,0.6067415730337079,-0.797752808988764,0.5168539325842697,-0.48314606741573035,0.33707865168539325,-0.4157303370786517,0.11235955056179775,-0.7528089887640449,0.4157303370786517,-0.8089887640449438,0.39325842696629215,-0.5842696629213483,0.25842696629213485,-0.5168539325842697
2,0.0,0.0,0.40425531914893614,0.06382978723404255,0.851063829787234,-0.2127659574468085,1.0,-0.5319148936170213,0.8723404255319149,-0.7127659574468085,0.6702127659574468,-0.5851063829787234,0.8191489361702128,-0.776595744680851,0.7659574468085106,-0.5212765957446809,0.7127659574468085,-0.3723404255319149,0.4787234042553192,-0.6595744680851063,0.6382978723404256,-0.8404255319148937,0.5851063829787234,-0.5319148936170213,0.5,-0.40425531914893614,0.26595744680851063,-0.7127659574468085,0.425531914893617,-0.8936170212765957,0.39361702127659576,-0.5851063829787234,0.3191489361702128,-0.43617021276595747,0.031914893617021274,-0.7553191489361702,0.22340425531914893,-0.8617021276595744,0.2127659574468085,-0.6382978723404256,0.1595744680851064,-0.5106382978723404
2,0.0,0.0,0.375,0.020833333333333332,0.7916666666666666,-0.28125,0.90625,-0.6875,0.75,-0.8958333333333334,0.8020833333333334,-0.6354166666666666,0.9270833333333334,-0.8854166666666666,0.8020833333333334,-0.6458333333333334,0.7291666666666666,-0.53125,0.5625,-0.7291666666666666,0.65625,-0.96875,0.5729166666666666,-0.6145833333333334,0.5520833333333334,-0.5416666666666666,0.3333333333333333,-0.7604166666666666,0.40625,-1.0,0.3541666666666667,-0.625,0.3229166666666667,-0.53125,0.0625,-0.78125,0.17708333333333334,-0.9375,0.15625,-0.6666666666666666,0.11458333333333333,-0.5833333333333334
2,0.0,0.0,0.3333333333333333,-0.09803921568627451,0.6862745098039216,-0.37254901960784315,0.7843137254901961,-0.7156862745098039,0.6372549019607843,-0.9313725490196079,0.7254901960784313,-0.6568627450980392,0.8529411764705882,-0.8725490196078431,0.7254901960784313,-0.6372549019607843,0.6470588235294118,-0.5784313725490197,0.5098039215686274,-0.7450980392156863,0.6078431372549019,-0.9607843137254902,0.5196078431372549,-0.6274509803921569,0.49019607843137253,-0.5980392156862745,0.28431372549019607,-0.7745098039215687,0.38235294117647056,-1.0,0.3333333333333333,-0.6568627450980392,0.28431372549019607,-0.5882352941176471,0.029411764705882353,-0.7843137254901961,0.14705882352941177,-0.9313725490196079,0.13725490196078433,-0.6862745098039216,0.09803921568627451,-0.6078431372549019
2,0.0,0.0,0.3431372549019608,-0.10784313725490197,0.696078431372549,-0.4117647058823529,0.7254901960784313,-0.7647058823529411,0.5098039215686274,-0.8921568627450981,0.7058823529411765,-0.696078431372549,0.8333333333333334,-0.9411764705882353,0.6764705882352942,-0.6862745098039216,0.6274509803921569,-0.6078431372549019,0.4803921568627451,-0.7549019607843137,0.5686274509803921,-1.0,0.46078431372549017,-0.6666666666666666,0.45098039215686275,-0.6176470588235294,0.2549019607843137,-0.7745098039215687,0.3235294117647059,-1.0,0.2647058823529412,-0.6666666666666666,0.24509803921568626,-0.5882352941176471,0.00980392156862745,-0.7647058823529411,0.09803921568627451,-0.9313725490196079,0.09803921568627451,-0.7058823529411765,0.06862745098039216,-0.6274509803921569
2,0.0,0.0,0.3148148148148148,-0.10185185185185185,0.6388888888888888,-0.4166666666666667,0.6666666666666666,-0.7870370370370371,0.48148148148148145,-0.9722222222222222,0.6759259259259259,-0.6851851851851852,0.7592592592592593,-0.9537037037037037,0.6481481481481481,-0.6851851851851852,0.6203703703703703,-0.5925925925925926,0.46296296296296297,-0.7592592592592593,0.5277777777777778,-1.0,0.4444444444444444,-0.6481481481481481,0.4351851851851852,-0.6203703703703703,0.24074074074074073,-0.7777777777777778,0.2962962962962963,-1.0,0.25,-0.6481481481481481,0.23148148148148148,-0.5925925925925926,-0.009259259259259259,-0.7777777777777778,0.07407407407407407,-0.9444444444444444,0.06481481481481481,-0.7037037037037037,0.027777777777777776,-0.62962962962962973,0.0,0.0,0.26332288401253917,0.02821316614420063,0.4952978056426332,-0.05956112852664577,0.6520376175548589,-0.1786833855799373,0.799373040752351,-0.2006269592476489,0.43573667711598746,-0.46394984326018807,0.554858934169279,-0.6332288401253918,0.6238244514106583,-0.7398119122257053,0.6739811912225705,-0.8275862068965517,0.31347962382445144,-0.5391849529780565,0.4231974921630094,-0.7429467084639498,0.4890282131661442,-0.8714733542319749,0.542319749216301,-0.9717868338557993,0.18181818181818182,-0.5642633228840125,0.2413793103448276,-0.774294670846395,0.27586206896551724,-0.8996865203761756,0.3072100313479624,-1.0,0.02821316614420063,-0.5391849529780565,0.003134796238244514,-0.6959247648902821,-0.012539184952978056,-0.7962382445141066,-0.018808777429467086,-0.8871473354231975