0,0.0,0.0,0.1620795107033639,-0.027522935779816515,0.27522935779816515,-0.15902140672782875,0.27522935779816515,-0.290519877675841,0.22935779816513763,-0.41896024464831805,0.2782874617737003,-0.4525993883792049,0.3730886850152905,-0.6452599388379205,0.41590214067278286,-0.764525993883792,0.44036697247706424,-0.8685015290519877,0.15902140672782875,-0.4801223241590214,0.19571865443425077,-0.7308868501529052,0.22018348623853212,-0.8776758409785933,0.22935779816513763,-1.0,0.03669724770642202,-0.4434250764525994,0.0672782874617737,-0.6146788990825688,0.12232415902140673,-0.46788990825688076,0.14984709480122324,-0.345565749235474,-0.0856269113149847,-0.37003058103975534,-0.04892966360856269,-0.48623853211009177,0.01529051987767584,-0.3944954128440367,0.05198776758409786,-0.30275229357798167
0,0.0,0.0,0.16358024691358025,-0.027777777777777776,0.27469135802469136,-0.16049382716049382,0.27469135802469136,-0.2993827160493827,0.22839506172839505,-0.42901234567901236,0.2777777777777778,-0.4506172839506173,0.3734567901234568,-0.6481481481481481,0.41358024691358025,-0.7716049382716049,0.4382716049382716,-0.8765432098765432,0.16049382716049382,-0.47530864197530864,0.19753086419753085,-0.7283950617283951,0.2222222222222222,-0.8796296296296297,0.22839506172839505,-1.0,0.040123456790123455,-0.4382716049382716,0.06790123456790123,-0.6111111111111112,0.12345679012345678,-0.46296296296296297,0.14814814814814814,-0.3395061728395062,-0.08024691358024691,-0.3611111111111111,-0.04938271604938271,-0.4845679012345679,0.015432098765432098,-0.3950617283950617,0.05246913580246913,-0.30246913580246915
0,0.0,0.0,0.16408668730650156,-0.030959752321981424,0.2786377708978328,-0.1609907120743034,0.2755417956656347,-0.29411764705882354,0.23219814241486067,-0.4241486068111455,0.2786377708978328,-0.4551083591331269,0.3746130030959752,-0.6470588235294118,0.4148606811145511,-0.7678018575851393,0.43962848297213625,-0.8730650154798761,0.1609907120743034,-0.47987616099071206,0.19814241486068113,-0.7306501547987616,0.21981424148606812,-0.8792569659442725,0.2260061919504644,-1.0,0.04024767801857585,-0.44272445820433437,0.07120743034055728,-0.6099071207430341,0.1238390092879257,-0.4613003095975232,0.14860681114551083,-0.34055727554179566,-0.0804953560371517,-0.3684210526315789,-0.043343653250773995,-0.4891640866873065,0.015479876160990712,-0.39628482972136225,0.04953560371517028,-0.30340557275541796
0,0.0,0.0,0.16300940438871472,-0.034482758620689655,0.27586206896551724,-0.16300940438871472,0.28213166144200624,-0.30094043887147337,0.23824451410658307,-0.42946708463949845,0.28213166144200624,-0.45454545454545453,0.3887147335423197,-0.64576802507837,0.43573667711598746,-0.768025078369906,0.4670846394984326,-0.8746081504702194,0.16300940438871472,-0.47962382445141066,0.1974921630094044,-0.7304075235109718,0.219435736677116,-0.877742946708464,0.22884012539184953,-1.0,0.04075235109717868,-0.445141065830721,0.07210031347962383,-0.6081504702194357,0.12852664576802508,-0.46394984326018807,0.15673981191222572,-0.34169278996865204,-0.08150470219435736,-0.36990595611285265,-0.0438871473354232,-0.4827586206896552,0.018808777429467086,-0.3949843260188088,0.05642633228840126,-0.30407523510971785
0,0.0,0.0,0.159375,-0.03125,0.275,-0.1625,0.284375,-0.3,0.240625,-0.43125,0.275,-0.453125,0.38125,-0.64375,0.43125,-0.7625,0.4625,-0.86875,0.15625,-0.478125,0.19375,-0.734375,0.215625,-0.88125,0.225,-1.0,0.0375,-0.44375,0.071875,-0.6125,0.128125,-0.46875,0.15625,-0.346875,-0.08125,-0.36875,-0.04375,-0.490625,0.01875,-0.403125,0.05625,-0.309375
0,0.0,0.0,0.16825396825396827,-0.04126984126984127,0.28253968253968254,-0.17142857142857143,0.2984126984126984,-0.30158730158730157,0.2571428571428571,-0.4253968253968254,0.27936507936507937,-0.45714285714285713,0.3904761904761905,-0.6444444444444445,0.44126984126984126,-0.7619047619047619,0.473015873015873,-0.8666666666666667,0.1619047619047619,-0.48253968253968255,0.2,-0.7396825396825397,0.2253968253968254,-0.8825396825396825,0.23492063492063492,-1.0,0.04126984126984127,-0.4444444444444444,0.07936507936507936,-0.6126984126984127,0.14285714285714285,-0.4666666666666667,0.1746031746031746,-0.3492063492063492,-0.0761904761904762,-0.3682539682539683,-0.031746031746031744,-0.4857142857142857,0.0380952380952381,-0.3968253968253968,0.0761904761904762,-0.3047619047619048
0,0.0,0.0,0.17834394904458598,-0.05732484076433121,0.3089171974522293,-0.18471337579617833,0.3343949044585987,-0.31210191082802546,0.3089171974522293,-0.4299363057324841,0.2898089171974522,-0.4745222929936306,0.39490445859872614,-0.6496815286624203,0.445859872611465,-0.7643312101910829,0.47770700636942676,-0.8662420382165605,0.1751592356687898,-0.4968152866242038,0.21337579617834396,-0.7484076433121019,0.24203821656050956,-0.8853503184713376,0.25477707006369427,-1.0,0.05732484076433121,-0.46178343949044587,0.1178343949044586,-0.6242038216560509,0.18789808917197454,-0.4872611464968153,0.2197452229299363,-0.37261146496815284,-0.05732484076433121,-0.3853503184713376,0.012738853503184714,-0.5031847133757962,0.08598726114649681,-0.4171974522292994,0.12420382165605096,-0.32802547770700635
0,0.0,0.0,0.18272425249169436,-0.053156146179401995,0.3122923588039867,-0.1893687707641196,0.34551495016611294,-0.3222591362126246,0.32558139534883723,-0.44518272425249167,0.29900332225913623,-0.46511627906976744,0.4019933554817276,-0.6411960132890365,0.4584717607973422,-0.7508305647840532,0.4883720930232558,-0.8504983388704319,0.1893687707641196,-0.4950166112956811,0.2292358803986711,-0.7508305647840532,0.26245847176079734,-0.8870431893687708,0.2757475083056478,-1.0,0.07641196013289037,-0.4684385382059801,0.1461794019933555,-0.6411960132890365,0.22591362126245848,-0.5016611295681063,0.2591362126245847,-0.3853820598006645,-0.036544850498338874,-0.4053156146179402,0.046511627906976744,-0.521594684385382,0.12292358803986711,-0.4418604651162791,0.15614617940199335,-0.3554817275747508
0,0.0,0.0,0.17993079584775087,-0.04844290657439446,0.33217993079584773,-0.1972318339100346,0.38408304498269896,-0.3494809688581315,0.356401384083045,-0.4844290657439446,0.2906574394463668,-0.44982698961937717,0.39792387543252594,-0.629757785467128,0.44982698961937717,-0.740484429065744,0.4809688581314879,-0.8339100346020761,0.18685121107266436,-0.4844290657439446,0.22491349480968859,-0.7474048442906575,0.2629757785467128,-0.8858131487889274,0.27335640138408307,-1.0,0.07958477508650519,-0.4671280276816609,0.1695501730103806,-0.643598615916955,0.25951557093425603,-0.5121107266435986,0.2975778546712803,-0.40484429065743943,-0.02422145328719723,-0.42214532871972316,0.08650519031141868,-0.5259515570934256,0.1695501730103806,-0.4463667820069204,0.20761245674740483,-0.370242214532872
0,0.0,0.0,0.1968503937007874,-0.04330708661417323,0.3661417322834646,-0.17716535433070865,0.4645669291338583,-0.3110236220472441,0.47244094488188976,-0.4448818897637795,0.3188976377952756,-0.43700787401574803,0.42913385826771655,-0.6181102362204725,0.4881889763779528,-0.7204724409448819,0.531496062992126,-0.8149606299212598,0.2283464566929134,-0.48031496062992124,0.28346456692913385,-0.7480314960629921,0.33070866141732286,-0.8858267716535433,0.35826771653543305,-1.0,0.13385826771653545,-0.4763779527559055,0.2677165354330709,-0.6299212598425197,0.35826771653543305,-0.4921259842519685,0.38976377952755903,-0.3779527559055118,0.047244094488188976,-0.4409448818897638,0.19291338582677164,-0.5236220472440944,0.2795275590551181,-0.43700787401574803,0.3110236220472441,-0.3425196850393701
0,0.0,0.0,0.192,-0.036,0.364,-0.164,0.476,-0.3,0.484,-0.44,0.312,-0.42,0.436,-0.612,0.496,-0.716,0.54,-0.812,0.228,-0.468,0.288,-0.744,0.336,-0.884,0.364,-1.0,0.14,-0.464,0.284,-0.636,0.372,-0.488,0.392,-0.368,0.056,-0.436,0.212,-0.532,0.296,-0.436,0.324,-0.34
0,0.0,0.0,0.21008403361344538,-0.05042016806722689,0.38235294117647056,-0.18907563025210083,0.48739495798319327,-0.31932773109243695,0.5042016806722689,-0.4579831932773109,0.31092436974789917,-0.4495798319327731,0.42016806722689076,-0.6302521008403361,0.4789915966386555,-0.7310924369747899,0.5210084033613446,-0.8235294117647058,0.226890756302521,-0.48739495798319327,0.2815126050420168,-0.7563025210084033,0.33613445378151263,-0.8907563025210085,0.3697478991596639,-1.0,0.13865546218487396,-0.4789915966386555,0.28991596638655465,-0.6386554621848739,0.38235294117647056,-0.49159663865546216,0.40756302521008403,-0.3739495798319328,0.06302521008403361,-0.4411764705882353,0.22268907563025211,-0.5462184873949579,0.31512605042016806,-0.453781512605042,0.3487394957983193,-0.35714285714285715
0,0.0,0.0,0.21052631578947367,-0.06578947368421052,0.3684210526315789,-0.19736842105263158,0.4649122807017544,-0.32456140350877194,0.4868421052631579,-0.4649122807017544,0.2807017543859649,-0.4473684210526316,0.3815789473684211,-0.6228070175438597,0.43859649122807015,-0.7236842105263158,0.4780701754385965,-0.8114035087719298,0.20175438596491227,-0.4868421052631579,0.2412280701754386,-0.7587719298245614,0.2894736842105263,-0.8903508771929824,0.32456140350877194,-1.0,0.11842105263157894,-0.4868421052631579,0.2850877192982456,-0.6359649122807017,0.3815789473684211,-0.49122807017543857,0.40789473684210525,-0.3684210526315789,0.05701754385964912,-0.4517543859649123,0.2236842105263158,-0.5526315789473685,0.32456140350877194,-0.45614035087719296,0.3684210526315789,-0.35526315789473684
0,0.0,0.0,0.2081447963800905,-0.06334841628959276,0.36199095022624433,-0.19457013574660634,0.45701357466063347,-0.3257918552036199,0.47058823529411764,-0.4751131221719457,0.26244343891402716,-0.4479638009049774,0.3574660633484163,-0.6244343891402715,0.4117647058823529,-0.7239819004524887,0.45248868778280543,-0.8190045248868778,0.18552036199095023,-0.4841628959276018,0.22171945701357465,-0.7601809954751131,0.2669683257918552,-0.8914027149321267,0.3031674208144796,-1.0,0.1085972850678733,-0.4796380090497738,0.2669683257918552,-0.6380090497737556,0.36199095022624433,-0.48868778280542985,0.3891402714932127,-0.3665158371040724,0.04524886877828054,-0.4434389140271493,0.2081447963800905,-0.5520361990950227,0.31221719457013575,-0.46153846153846156,0.35294117647058826,-0.36199095022624433
0,0.0,0.0,0.19444444444444445,-0.06944444444444445,0.33796296296296297,-0.2037037037037037,0.4351851851851852,-0.3333333333333333,0.44907407407407407,-0.4722222222222222,0.22685185185185186,-0.44907407407407407,0.3194444444444444,-0.625,0.37037037037037035,-0.7222222222222222,0.4074074074074074,-0.8101851851851852,0.1527777777777778,-0.48148148148148145,0.18518518518518517,-0.7546296296296297,0.22685185185185186,-0.8935185185185185,0.25925925925925924,-1.0,0.08333333333333333,-0.47685185185185186,0.25462962962962965,-0.6342592592592593,0.35648148148148145,-0.49074074074074076,0.38425925925925924,-0.375,0.032407407407407406,-0.4444444444444444,0.2037037037037037,-0.5509259259259259,0.3101851851851852,-0.4583333333333333,0.3425925925925926,-0.35648148148148145
0,0.0,0.0,0.20192307692307693,-0.07692307692307693,0.34134615384615385,-0.22115384615384615,0.4423076923076923,-0.3317307692307692,0.46634615384615385,-0.4567307692307692,0.23557692307692307,-0.4807692307692308,0.3173076923076923,-0.6442307692307693,0.3605769230769231,-0.7355769230769231,0.3798076923076923,-0.8221153846153846,0.15384615384615385,-0.5096153846153846,0.1971153846153846,-0.7644230769230769,0.25,-0.8942307692307693,0.27884615384615385,-1.0,0.08653846153846154,-0.4951923076923077,0.28365384615384615,-0.6201923076923077,0.38461538461538464,-0.47596153846153844,0.40384615384615385,-0.36538461538461536,0.04807692307692308,-0.4519230769230769,0.24519230769230768,-0.5288461538461539,0.3317307692307692,-0.4326923076923077,0.35096153846153844,-0.3317307692307692
0,0.0,0.0,0.20476190476190476,-0.0761904761904762,0.3476190476190476,-0.21904761904761905,0.44761904761904764,-0.32857142857142857,0.4714285714285714,-0.4523809523809524,0.23333333333333334,-0.4857142857142857,0.319047619047619,-0.6428571428571429,0.36666666666666664,-0.7380952380952381,0.38571428571428573,-0.8238095238095238,0.15714285714285714,-0.5142857142857142,0.20952380952380953,-0.7666666666666667,0.26666666666666666,-0.8952380952380953,0.29523809523809524,-1.0,0.09047619047619047,-0.49523809523809526,0.3,-0.6047619047619047,0.3952380952380952,-0.4666666666666667,0.4095238095238095,-0.35714285714285715,0.05714285714285714,-0.44761904761904764,0.2571428571428571,-0.5142857142857142,0.3380952380952381,-0.41904761904761906,0.35714285714285715,-0.3238095238095238
0,0.0,0.0,0.21428571428571427,-0.07142857142857142,0.36666666666666664,-0.21428571428571427,0.4714285714285714,-0.3142857142857143,0.5,-0.42857142857142855,0.2714285714285714,-0.49523809523809526,0.35714285714285715,-0.6523809523809524,0.4095238095238095,-0.7476190476190476,0.43333333333333335,-0.8380952380952381,0.19523809523809524,-0.5238095238095238,0.2523809523809524,-0.7666666666666667,0.3142857142857143,-0.8952380952380953,0.3476190476190476,-1.0,0.12857142857142856,-0.49523809523809526,0.34285714285714286,-0.5952380952380952,0.4380952380952381,-0.45714285714285713,0.4523809523809524,-0.3619047619047619,0.1,-0.42857142857142855,0.3047619047619048,-0.49047619047619045,0.3761904761904762,-0.4,0.38571428571428573,-0.30952380952380953
0,0.0,0.0,0.21495327102803738,-0.06074766355140187,0.37850467289719625,-0.19626168224299065,0.48130841121495327,-0.29906542056074764,0.5,-0.411214953271028,0.2897196261682243,-0.4719626168224299,0.3925233644859813,-0.6401869158878505,0.4485981308411215,-0.7429906542056075,0.48598130841121495,-0.8317757009345794,0.205607476635514,-0.5,0.27102803738317754,-0.7429906542056075,0.3317757009345794,-0.8925233644859814,0.3691588785046729,-1.0,0.13551401869158877,-0.4766355140186916,0.3364485981308411,-0.5700934579439252,0.42990654205607476,-0.4439252336448598,0.4532710280373832,-0.3411214953271028,0.09813084112149532,-0.40654205607476634,0.29906542056074764,-0.46261682242990654,0.38317757009345793,-0.37383177570093457,0.411214953271028,-0.2803738317757009
0,0.0,0.0,0.2096069868995633,-0.034934497816593885,0.388646288209607,-0.17903930131004367,0.4847161572052402,-0.32751091703056767,0.462882096069869,-0.4497816593886463,0.34497816593886466,-0.4017467248908297,0.462882096069869,-0.5982532751091703,0.5283842794759825,-0.7205240174672489,0.5764192139737991,-0.8253275109170306,0.24890829694323144,-0.45414847161572053,0.31004366812227074,-0.7336244541484717,0.37554585152838427,-0.8864628820960698,0.4192139737991266,-1.0,0.15283842794759825,-0.45414847161572053,0.2794759825327511,-0.6419213973799127,0.388646288209607,-0.5458515283842795,0.4410480349344978,-0.4410480349344978,0.06986899563318777,-0.4192139737991266,0.2183406113537118,-0.5152838427947598,0.314410480349345,-0.43231441048034935,0.3624454148471616,-0.3318777292576419
0,0.0,0.0,0.19607843137254902,-0.043137254901960784,0.34901960784313724,-0.18823529411764706,0.3843137254901961,-0.3411764705882353,0.3411764705882353,-0.4470588235294118,0.35294117647058826,-0.45098039215686275,0.47058823529411764,-0.6235294117647059,0.5333333333333333,-0.7333333333333333,0.5764705882352941,-0.8274509803921568,0.24313725490196078,-0.49019607843137253,0.3058823529411765,-0.7450980392156863,0.35294117647058826,-0.8862745098039215,0.37254901960784315,-1.0,0.12549019607843137,-0.47058823529411764,0.18823529411764706,-0.6509803921568628,0.2627450980392157,-0.5411764705882353,0.2980392156862745,-0.43137254901960786,0.0,-0.41568627450980394,0.07058823529411765,-0.5490196078431373,0.14901960784313725,-0.48627450980392156,0.19607843137254902,-0.396078431372549
0,0.0,0.0,0.18076923076923077,-0.07692307692307693,0.2846153846153846,-0.23461538461538461,0.28076923076923077,-0.3923076923076923,0.23076923076923078,-0.5115384615384615,0.3192307692307692,-0.47692307692307695,0.4230769230769231,-0.6653846153846154,0.46923076923076923,-0.7769230769230769,0.5038461538461538,-0.8769230769230769,0.2,-0.5153846153846153,0.24615384615384617,-0.7461538461538462,0.27307692307692305,-0.8884615384615384,0.28846153846153844,-1.0,0.07692307692307693,-0.49230769230769234,0.09615384615384616,-0.6807692307692308,0.14615384615384616,-0.5769230769230769,0.17307692307692307,-0.4653846153846154,-0.046153846153846156,-0.4307692307692308,-0.03076923076923077,-0.5615384615384615,0.026923076923076925,-0.5115384615384615,0.06923076923076923,-0.4307692307692308
0,0.0,0.0,0.17829457364341086,-0.08139534883720931,0.26744186046511625,-0.25193798449612403,0.2441860465116279,-0.40310077519379844,0.17829457364341086,-0.5155038759689923,0.29844961240310075,-0.4806201550387597,0.4069767441860465,-0.6705426356589147,0.4573643410852713,-0.7868217054263565,0.49224806201550386,-0.8914728682170543,0.17829457364341086,-0.5193798449612403,0.22868217054263565,-0.748062015503876,0.2558139534883721,-0.8875968992248062,0.26744186046511625,-1.0,0.05426356589147287,-0.49224806201550386,0.06201550387596899,-0.6782945736434108,0.10465116279069768,-0.5697674418604651,0.13178294573643412,-0.45348837209302323,-0.06976744186046512,-0.42248062015503873,-0.07364341085271318,-0.5542635658914729,-0.01937984496124031,-0.5038759689922481,0.031007751937984496,-0.43023255813953487
0,0.0,0.0,0.156,-0.096,0.236,-0.276,0.188,-0.436,0.104,-0.548,0.272,-0.496,0.372,-0.692,0.416,-0.808,0.444,-0.912,0.148,-0.532,0.2,-0.756,0.224,-0.892,0.228,-1.0,0.016,-0.5,0.012,-0.692,0.044,-0.584,0.064,-0.472,-0.116,-0.428,-0.128,-0.544,-0.08,-0.488,-0.036,-0.424
0,0.0,0.0,0.14559386973180077,-0.09195402298850575,0.21839080459770116,-0.2681992337164751,0.1724137931034483,-0.42911877394636017,0.08045977011494253,-0.5363984674329502,0.2413793103448276,-0.5019157088122606,0.32950191570881227,-0.7049808429118773,0.36398467432950193,-0.8199233716475096,0.38697318007662834,-0.9195402298850575,0.12260536398467432,-0.5325670498084292,0.16091954022988506,-0.7662835249042146,0.18007662835249041,-0.9003831417624522,0.18007662835249041,-1.0,-0.0038314176245210726,-0.49808429118773945,-0.011494252873563218,-0.6819923371647509,0.022988505747126436,-0.5632183908045977,0.04980842911877394,-0.4444444444444444,-0.13026819923371646,-0.42528735632183906,-0.1417624521072797,-0.5363984674329502,-0.09195402298850575,-0.48659003831417624,-0.0421455938697318,-0.421455938697318
0,0.0,0.0,0.16393442622950818,-0.07377049180327869,0.26229508196721313,-0.20901639344262296,0.24180327868852458,-0.3360655737704918,0.19262295081967212,-0.4344262295081967,0.29098360655737704,-0.47540983606557374,0.3770491803278688,-0.6598360655737705,0.4180327868852459,-0.7745901639344263,0.4385245901639344,-0.8770491803278688,0.1680327868852459,-0.5122950819672131,0.21311475409836064,-0.7459016393442623,0.22950819672131148,-0.8852459016393442,0.2336065573770492,-1.0,0.045081967213114756,-0.48360655737704916,0.04918032786885246,-0.6434426229508197,0.08196721311475409,-0.5327868852459017,0.10655737704918032,-0.4262295081967213,-0.08196721311475409,-0.4057377049180328,-0.08196721311475409,-0.5204918032786885,-0.028688524590163935,-0.4672131147540984,0.020491803278688523,-0.39344262295081966
0,0.0,0.0,0.17903930131004367,-0.0611353711790393,0.29694323144104806,-0.20087336244541484,0.2838427947598253,-0.34497816593886466,0.27074235807860264,-0.4585152838427948,0.33624454148471616,-0.4759825327510917,0.4497816593886463,-0.6550218340611353,0.5065502183406113,-0.7641921397379913,0.5458515283842795,-0.8646288209606987,0.2183406113537118,-0.5152838427947598,0.27510917030567683,-0.7510917030567685,0.31004366812227074,-0.8864628820960698,0.3318777292576419,-1.0,0.09170305676855896,-0.49344978165938863,0.11790393013100436,-0.6637554585152838,0.1615720524017467,-0.5545851528384279,0.18340611353711792,-0.44541484716157204,-0.034934497816593885,-0.4279475982532751,-0.004366812227074236,-0.5633187772925764,0.05240174672489083,-0.49344978165938863,0.09170305676855896,-0.40611353711790393
0,0.0,0.0,0.20454545454545456,-0.05,0.35454545454545455,-0.18636363636363637,0.37272727272727274,-0.35,0.36818181818181817,-0.4772727272727273,0.39090909090909093,-0.45454545454545453,0.5227272727272727,-0.6272727272727273,0.5863636363636363,-0.740909090909091,0.6318181818181818,-0.8409090909090909,0.2681818181818182,-0.509090909090909,0.35,-0.75,0.4,-0.8863636363636364,0.43636363636363634,-1.0,0.1409090909090909,-0.5,0.19545454545454546,-0.6727272727272727,0.25,-0.55,0.2727272727272727,-0.4318181818181818,0.00909090909090909,-0.45,0.07272727272727272,-0.5772727272727273,0.13636363636363635,-0.5045454545454545,0.17727272727272728,-0.4090909090909091
0,0.0,0.0,0.20454545454545456,-0.04090909090909091,0.35909090909090907,-0.17727272727272728,0.37727272727272726,-0.34545454545454546,0.37272727272727274,-0.4772727272727273,0.38636363636363635,-0.45,0.5227272727272727,-0.6227272727272727,0.5863636363636363,-0.7363636363636363,0.6318181818181818,-0.8318181818181818,0.2636363636363636,-0.5,0.35454545454545455,-0.7454545454545455,0.4090909090909091,-0.8863636363636364,0.44545454545454544,-1.0,0.13636363636363635,-0.4909090909090909,0.21363636363636362,-0.6818181818181818,0.2727272727272727,-0.5681818181818182,0.3,-0.44545454545454544,0.0,-0.44545454545454544,0.08636363636363636,-0.5818181818181818,0.15454545454545454,-0.5045454545454545,0.19090909090909092,-0.4090909090909091
0,0.0,0.0,0.22065727699530516,-0.028169014084507043,0.4084507042253521,-0.1596244131455399,0.4694835680751174,-0.3192488262910798,0.41784037558685444,-0.4413145539906103,0.39436619718309857,-0.431924882629108,0.5258215962441315,-0.6009389671361502,0.5915492957746479,-0.7183098591549296,0.6384976525821596,-0.8215962441314554,0.28169014084507044,-0.48826291079812206,0.3568075117370892,-0.7417840375586855,0.41784037558685444,-0.8873239436619719,0.45539906103286387,-1.0,0.15492957746478872,-0.48826291079812206,0.24882629107981222,-0.6666666666666666,0.3286384976525822,-0.5492957746478874,0.3615023474178404,-0.43661971830985913,0.028169014084507043,-0.45539906103286387,0.13615023474178403,-0.5727699530516432,0.22065727699530516,-0.49295774647887325,0.26291079812206575,-0.38967136150234744
0,0.0,0.0,0.1981981981981982,-0.036036036036036036,0.36936936936936937,-0.16666666666666666,0.4594594594594595,-0.3153153153153153,0.44594594594594594,-0.45045045045045046,0.34684684684684686,-0.4144144144144144,0.481981981981982,-0.5900900900900901,0.5540540540540541,-0.6981981981981982,0.6036036036036037,-0.7972972972972973,0.25225225225225223,-0.46846846846846846,0.3333333333333333,-0.7342342342342343,0.3963963963963964,-0.8783783783783784,0.43243243243243246,-1.0,0.14864864864864866,-0.4774774774774775,0.2747747747747748,-0.6351351351351351,0.35585585585585583,-0.5,0.3738738738738739,-0.38288288288288286,0.04054054054054054,-0.45045045045045046,0.17567567567567569,-0.5585585585585585,0.25675675675675674,-0.47297297297297297,0.2882882882882883,-0.3738738738738739
0,0.0,0.0,0.2102803738317757,-0.03271028037383177,0.3925233644859813,-0.16355140186915887,0.5,-0.308411214953271,0.514018691588785,-0.4532710280373832,0.3598130841121495,-0.40654205607476634,0.5,-0.5887850467289719,0.5747663551401869,-0.6915887850467289,0.6261682242990654,-0.7897196261682243,0.2757009345794392,-0.4672897196261682,0.35514018691588783,-0.7429906542056075,0.4158878504672897,-0.883177570093458,0.4532710280373832,-1.0,0.1822429906542056,-0.4719626168224299,0.32710280373831774,-0.6495327102803738,0.40654205607476634,-0.5046728971962616,0.4205607476635514,-0.37850467289719625,0.08411214953271028,-0.45794392523364486,0.2383177570093458,-0.5700934579439252,0.3177570093457944,-0.4719626168224299,0.3364485981308411,-0.37383177570093457
0,0.0,0.0,0.23383084577114427,-0.03980099502487562,0.4079601990049751,-0.17412935323383086,0.527363184079602,-0.31343283582089554,0.5472636815920398,-0.46766169154228854,0.35323383084577115,-0.42786069651741293,0.48756218905472637,-0.6069651741293532,0.5572139303482587,-0.7064676616915423,0.6069651741293532,-0.8009950248756219,0.27860696517412936,-0.47761194029850745,0.3582089552238806,-0.7562189054726368,0.417910447761194,-0.8905472636815921,0.4626865671641791,-1.0,0.19402985074626866,-0.48258706467661694,0.3482587064676617,-0.6716417910447762,0.43283582089552236,-0.5124378109452736,0.4427860696517413,-0.3781094527363184,0.11940298507462686,-0.4626865671641791,0.2885572139303483,-0.582089552238806,0.38308457711442784,-0.48258706467661694,0.417910447761194,-0.38308457711442784
0,0.0,0.0,0.2192513368983957,-0.0427807486631016,0.3850267379679144,-0.16042780748663102,0.5133689839572193,-0.2887700534759358,0.5454545454545454,-0.4385026737967914,0.3155080213903743,-0.42245989304812837,0.4385026737967914,-0.5989304812834224,0.5133689839572193,-0.6951871657754011,0.5614973262032086,-0.7754010695187166,0.24598930481283424,-0.47593582887700536,0.3155080213903743,-0.7540106951871658,0.37433155080213903,-0.8877005347593583,0.41711229946524064,-1.0,0.1711229946524064,-0.48663101604278075,0.34759358288770054,-0.6577540106951871,0.44385026737967914,-0.5026737967914439,0.45989304812834225,-0.37433155080213903,0.11229946524064172,-0.47058823529411764,0.29411764705882354,-0.5828877005347594,0.39037433155080214,-0.48128342245989303,0.42780748663101603,-0.37433155080213903
0,0.0,0.0,0.22404371584699453,-0.03825136612021858,0.39344262295081966,-0.15846994535519127,0.5191256830601093,-0.2896174863387978,0.5519125683060109,-0.44808743169398907,0.3224043715846995,-0.4262295081967213,0.44808743169398907,-0.5956284153005464,0.5191256830601093,-0.6939890710382514,0.5683060109289617,-0.7759562841530054,0.25136612021857924,-0.4808743169398907,0.3224043715846995,-0.7650273224043715,0.3825136612021858,-0.8907103825136612,0.4262295081967213,-1.0,0.18032786885245902,-0.4918032786885246,0.3551912568306011,-0.6612021857923497,0.44808743169398907,-0.5027322404371585,0.4644808743169399,-0.37158469945355194,0.12021857923497267,-0.4808743169398907,0.30601092896174864,-0.5846994535519126,0.40437158469945356,-0.48633879781420764,0.43169398907103823,-0.3770491803278688
0,0.0,0.0,0.21465968586387435,-0.03664921465968586,0.38219895287958117,-0.16753926701570682,0.4973821989528796,-0.3036649214659686,0.5235602094240838,-0.45549738219895286,0.3036649214659686,-0.4293193717277487,0.418848167539267,-0.6020942408376964,0.4869109947643979,-0.7068062827225131,0.5392670157068062,-0.7958115183246073,0.2356020942408377,-0.47643979057591623,0.29842931937172773,-0.7643979057591623,0.35602094240837695,-0.8952879581151832,0.39790575916230364,-1.0,0.15706806282722513,-0.4816753926701571,0.32460732984293195,-0.6492146596858639,0.42408376963350786,-0.5026178010471204,0.4397905759162304,-0.3769633507853403,0.09424083769633508,-0.46596858638743455,0.27225130890052357,-0.5706806282722513,0.3717277486910995,-0.4712041884816754,0.4031413612565445,-0.3717277486910995
0,0.0,0.0,0.20930232558139536,-0.023255813953488372,0.386046511627907,-0.16744186046511628,0.48372093023255813,-0.32558139534883723,0.4790697674418605,-0.4604651162790698,0.35348837209302325,-0.4,0.4883720930232558,-0.5953488372093023,0.5534883720930233,-0.7116279069767442,0.6046511627906976,-0.8093023255813954,0.26046511627906976,-0.4558139534883721,0.33488372093023255,-0.7395348837209302,0.4,-0.8837209302325582,0.4372093023255814,-1.0,0.16279069767441862,-0.4604651162790698,0.2930232558139535,-0.6465116279069767,0.3953488372093023,-0.5302325581395348,0.4372093023255814,-0.413953488372093,0.06976744186046512,-0.4372093023255814,0.21395348837209302,-0.5441860465116279,0.30697674418604654,-0.46511627906976744,0.35348837209302325,-0.3627906976744186
0,0.0,0.0,0.1910569105691057,-0.044715447154471545,0.35772357723577236,-0.16666666666666666,0.3902439024390244,-0.3089430894308943,0.3333333333333333,-0.4186991869918699,0.34552845528455284,-0.44715447154471544,0.4715447154471545,-0.6178861788617886,0.5365853658536586,-0.7317073170731707,0.5813008130081301,-0.8292682926829268,0.23170731707317074,-0.4878048780487805,0.2967479674796748,-0.7398373983739838,0.34146341463414637,-0.8821138211382114,0.36585365853658536,-1.0,0.10975609756097561,-0.46747967479674796,0.1910569105691057,-0.6260162601626016,0.26422764227642276,-0.5121951219512195,0.2886178861788618,-0.4024390243902439,-0.02032520325203252,-0.4105691056910569,0.07317073170731707,-0.532520325203252,0.14634146341463414,-0.45528455284552843,0.18292682926829268,-0.3617886178861789
0,0.0,0.0,0.18045112781954886,-0.06015037593984962,0.30451127819548873,-0.18796992481203006,0.31203007518796994,-0.3157894736842105,0.2932330827067669,-0.424812030075188,0.3308270676691729,-0.48120300751879697,0.44360902255639095,-0.6541353383458647,0.5,-0.7669172932330827,0.5413533834586466,-0.868421052631579,0.20676691729323307,-0.5112781954887218,0.2631578947368421,-0.7368421052631579,0.29699248120300753,-0.8796992481203008,0.3157894736842105,-1.0,0.07894736842105263,-0.48120300751879697,0.12030075187969924,-0.6428571428571429,0.17293233082706766,-0.5451127819548872,0.19924812030075187,-0.43609022556390975,-0.04887218045112782,-0.40977443609022557,0.0,-0.5263157894736842,0.06015037593984962,-0.45864661654135336,0.10526315789473684,-0.3684210526315789
0,0.0,0.0,0.15867158671586715,-0.08856088560885608,0.24354243542435425,-0.24354243542435425,0.22509225092250923,-0.3763837638376384,0.18081180811808117,-0.4833948339483395,0.25092250922509224,-0.4981549815498155,0.33579335793357934,-0.6863468634686347,0.3763837638376384,-0.8044280442804428,0.4022140221402214,-0.9040590405904059,0.13284132841328414,-0.5202952029520295,0.16236162361623616,-0.7490774907749077,0.17343173431734318,-0.8856088560885609,0.17343173431734318,-1.0,0.014760147601476014,-0.4833948339483395,0.01107011070110701,-0.6494464944649446,0.055350553505535055,-0.5498154981549815,0.08118081180811808,-0.45018450184501846,-0.1070110701107011,-0.4059040590405904,-0.11439114391143912,-0.5202952029520295,-0.06273062730627306,-0.47232472324723246,-0.01107011070110701,-0.4059040590405904
0,0.0,0.0,0.1524163568773234,-0.08550185873605948,0.22304832713754646,-0.24535315985130113,0.1895910780669145,-0.3828996282527881,0.13011152416356878,-0.48698884758364314,0.22304832713754646,-0.49814126394052044,0.3048327137546468,-0.6914498141263941,0.3420074349442379,-0.8104089219330854,0.3643122676579926,-0.9107806691449815,0.10408921933085502,-0.5204460966542751,0.12639405204460966,-0.7509293680297398,0.137546468401487,-0.8884758364312267,0.137546468401487,-1.0,-0.011152416356877323,-0.4795539033457249,-0.022304832713754646,-0.6431226765799256,0.03345724907063197,-0.5353159851301115,0.07063197026022305,-0.4312267657992565,-0.13011152416356878,-0.40148698884758366,-0.1412639405204461,-0.516728624535316,-0.08921933085501858,-0.4646840148698885,-0.03717472118959108,-0.40148698884758366
0,0.0,0.0,-0.16810344827586207,-0.09482758620689655,-0.25862068965517243,-0.2801724137931034,-0.22844827586206898,-0.46551724137931033,-0.125,-0.5603448275862069,-0.21982758620689655,-0.45689655172413796,-0.3103448275862069,-0.6724137931034483,-0.3620689655172414,-0.7974137931034483,-0.3922413793103448,-0.9051724137931034,-0.10775862068965517,-0.4827586206896552,-0.15086206896551724,-0.7327586206896551,-0.17672413793103448,-0.8793103448275862,-0.1810344827586207,-1.0,0.01293103448275862,-0.45689655172413796,0.008620689655172414,-0.646551724137931,-0.05172413793103448,-0.5732758620689655,-0.09913793103448276,-0.47844827586206895,0.14224137931034483,-0.39655172413793105,0.15517241379310345,-0.5172413793103449,0.09913793103448276,-0.5301724137931034,0.03879310344827586,-0.5172413793103449
0,0.0,0.0,-0.16738197424892703,-0.10300429184549356,-0.2575107296137339,-0.2832618025751073,-0.2446351931330472,-0.4721030042918455,-0.15021459227467812,-0.575107296137339,-0.2317596566523605,-0.45493562231759654,-0.33047210300429186,-0.6695278969957081,-0.38197424892703863,-0.7896995708154506,-0.4206008583690987,-0.9012875536480687,-0.12017167381974249,-0.48497854077253216,-0.17167381974248927,-0.7339055793991416,-0.2017167381974249,-0.8798283261802575,-0.2145922746781116,-1.0,0.0,-0.463519313304721,-0.012875536480686695,-0.6523605150214592,-0.06866952789699571,-0.5879828326180258,-0.11587982832618025,-0.4978540772532189,0.12446351931330472,-0.41201716738197425,0.13733905579399142,-0.5321888412017167,0.0815450643776824,-0.5493562231759657,0.02145922746781116,-0.5407725321888412
0,0.0,0.0,-0.17094017094017094,-0.09829059829059829,-0.26495726495726496,-0.2777777777777778,-0.24358974358974358,-0.4658119658119658,-0.14957264957264957,-0.5683760683760684,-0.23931623931623933,-0.452991452991453,-0.33760683760683763,-0.6666666666666666,-0.39316239316239315,-0.7863247863247863,-0.43162393162393164,-0.8974358974358975,-0.12393162393162394,-0.48717948717948717,-0.1794871794871795,-0.7350427350427351,-0.2094017094017094,-0.8760683760683761,-0.2222222222222222,-1.0,-0.004273504273504274,-0.4658119658119658,-0.01282051282051282,-0.6581196581196581,-0.07692307692307693,-0.5854700854700855,-0.11965811965811966,-0.48717948717948717,0.12393162393162394,-0.41025641025641024,0.13247863247863248,-0.5299145299145299,0.07264957264957266,-0.5427350427350427,0.01282051282051282,-0.5256410256410257
0,0.0,0.0,-0.17372881355932204,-0.09745762711864407,-0.2669491525423729,-0.2754237288135593,-0.25,-0.4576271186440678,-0.15677966101694915,-0.5677966101694916,-0.24152542372881355,-0.4533898305084746,-0.3432203389830508,-0.6610169491525424,-0.3983050847457627,-0.7838983050847458,-0.4364406779661017,-0.8898305084745762,-0.13135593220338984,-0.4830508474576271,-0.1864406779661017,-0.7330508474576272,-0.22033898305084745,-0.8771186440677966,-0.23728813559322035,-1.0,-0.00847457627118644,-0.4661016949152542,-0.0211864406779661,-0.6567796610169492,-0.08050847457627118,-0.5847457627118644,-0.1228813559322034,-0.4872881355932203,0.11864406779661017,-0.4152542372881356,0.1271186440677966,-0.5338983050847458,0.07203389830508475,-0.5466101694915254,0.00847457627118644,-0.5296610169491526
0,0.0,0.0,-0.175,-0.10833333333333334,-0.275,-0.2708333333333333,-0.26666666666666666,-0.45416666666666666,-0.17916666666666667,-0.5666666666666667,-0.25,-0.45416666666666666,-0.35,-0.6625,-0.4041666666666667,-0.7833333333333333,-0.44583333333333336,-0.8916666666666667,-0.1375,-0.4875,-0.19166666666666668,-0.7375,-0.225,-0.8791666666666667,-0.24583333333333332,-1.0,-0.0125,-0.4666666666666667,-0.03333333333333333,-0.6458333333333334,-0.0875,-0.5875,-0.12916666666666668,-0.5,0.1125,-0.4166666666666667,0.12083333333333333,-0.5375,0.06666666666666667,-0.55,0.008333333333333333,-0.5333333333333333
0,0.0,0.0,-0.1762295081967213,-0.10245901639344263,-0.2827868852459016,-0.27459016393442626,-0.27049180327868855,-0.46311475409836067,-0.18442622950819673,-0.5655737704918032,-0.25,-0.45491803278688525,-0.35655737704918034,-0.6639344262295082,-0.4098360655737705,-0.7827868852459017,-0.45491803278688525,-0.889344262295082,-0.13934426229508196,-0.48770491803278687,-0.19672131147540983,-0.7418032786885246,-0.2336065573770492,-0.8852459016393442,-0.2581967213114754,-1.0,-0.01639344262295082,-0.4713114754098361,-0.040983606557377046,-0.6516393442622951,-0.10245901639344263,-0.5942622950819673,-0.14344262295081966,-0.5081967213114754,0.11475409836065574,-0.4262295081967213,0.11475409836065574,-0.5491803278688525,0.05737704918032787,-0.5614754098360656,0.0,-0.5368852459016393
0,0.0,0.0,-0.18032786885245902,-0.09016393442622951,-0.3073770491803279,-0.2581967213114754,-0.319672131147541,-0.44672131147540983,-0.2336065573770492,-0.5655737704918032,-0.27049180327868855,-0.44672131147540983,-0.38934426229508196,-0.6516393442622951,-0.45491803278688525,-0.7745901639344263,-0.5040983606557377,-0.8770491803278688,-0.16393442622950818,-0.48360655737704916,-0.2336065573770492,-0.7459016393442623,-0.2827868852459016,-0.8852459016393442,-0.3155737704918033,-1.0,-0.040983606557377046,-0.47540983606557374,-0.0778688524590164,-0.6680327868852459,-0.13524590163934427,-0.5942622950819673,-0.1762295081967213,-0.5,0.09016393442622951,-0.430327868852459,0.08196721311475409,-0.569672131147541,0.020491803278688523,-0.5737704918032787,-0.040983606557377046,-0.5409836065573771
0,0.0,0.0,-0.18518518518518517,-0.0823045267489712,-0.3168724279835391,-0.24691358024691357,-0.3333333333333333,-0.43621399176954734,-0.2551440329218107,-0.5637860082304527,-0.2716049382716049,-0.43621399176954734,-0.39094650205761317,-0.6378600823045267,-0.4609053497942387,-0.7530864197530864,-0.51440329218107,-0.8600823045267489,-0.1646090534979424,-0.4773662551440329,-0.2345679012345679,-0.7448559670781894,-0.2880658436213992,-0.8847736625514403,-0.32098765432098764,-1.0,-0.0411522633744856,-0.4732510288065844,-0.0823045267489712,-0.6707818930041153,-0.1522633744855967,-0.6008230452674898,-0.20164609053497942,-0.5061728395061729,0.09465020576131687,-0.43621399176954734,0.07818930041152264,-0.5761316872427984,0.012345679012345678,-0.5843621399176955,-0.053497942386831275,-0.5555555555555556
0,0.0,0.0,-0.2,-0.07916666666666666,-0.3375,-0.24583333333333332,-0.35833333333333334,-0.4375,-0.2791666666666667,-0.5666666666666667,-0.275,-0.44166666666666665,-0.3958333333333333,-0.6416666666666667,-0.4625,-0.7541666666666667,-0.5208333333333334,-0.8583333333333333,-0.16666666666666666,-0.48333333333333334,-0.2375,-0.75,-0.30416666666666664,-0.8875,-0.35,-1.0,-0.041666666666666664,-0.48333333333333334,-0.08333333333333333,-0.6958333333333333,-0.1625,-0.6208333333333333,-0.21666666666666667,-0.5166666666666667,0.1,-0.44583333333333336,0.075,-0.5958333333333333,-0.004166666666666667,-0.6041666666666666,-0.075,-0.5708333333333333
0,0.0,0.0,-0.20346320346320346,-0.06060606060606061,-0.354978354978355,-0.23809523809523808,-0.4025974025974026,-0.4155844155844156,-0.3246753246753247,-0.5281385281385281,-0.2597402597402597,-0.4588744588744589,-0.3722943722943723,-0.6406926406926406,-0.45454545454545453,-0.7402597402597403,-0.5238095238095238,-0.8398268398268398,-0.1471861471861472,-0.5021645021645021,-0.21645021645021645,-0.7402597402597403,-0.2987012987012987,-0.8874458874458875,-0.3722943722943723,-1.0,-0.017316017316017316,-0.48917748917748916,-0.07792207792207792,-0.6753246753246753,-0.16017316017316016,-0.6406926406926406,-0.22510822510822512,-0.5757575757575758,0.11688311688311688,-0.44155844155844154,0.0735930735930736,-0.6017316017316018,-0.030303030303030304,-0.6363636363636364,-0.1341991341991342,-0.6190476190476191
0,0.0,0.0,-0.2149122807017544,-0.039473684210526314,-0.3815789473684211,-0.2149122807017544,-0.4298245614035088,-0.39473684210526316,-0.3508771929824561,-0.5175438596491229,-0.2631578947368421,-0.45614035087719296,-0.37280701754385964,-0.631578947368421,-0.4473684210526316,-0.7324561403508771,-0.5087719298245614,-0.8289473684210527,-0.14912280701754385,-0.5043859649122807,-0.21929824561403508,-0.7368421052631579,-0.29385964912280704,-0.8859649122807017,-0.35526315789473684,-1.0,-0.017543859649122806,-0.5,-0.10526315789473684,-0.6666666666666666,-0.21052631578947367,-0.6052631578947368,-0.2894736842105263,-0.5175438596491229,0.11842105263157894,-0.4692982456140351,0.03508771929824561,-0.6271929824561403,-0.07894736842105263,-0.631578947368421,-0.17982456140350878,-0.5964912280701754
0,0.0,0.0,-0.21875,-0.008928571428571428,-0.38839285714285715,-0.1875,-0.45535714285714285,-0.36607142857142855,-0.39285714285714285,-0.5089285714285714,-0.24553571428571427,-0.42410714285714285,-0.375,-0.6116071428571429,-0.4642857142857143,-0.7142857142857143,-0.5357142857142857,-0.8080357142857143,-0.14285714285714285,-0.4732142857142857,-0.21428571428571427,-0.7366071428571429,-0.3125,-0.8883928571428571,-0.38839285714285715,-1.0,-0.022321428571428572,-0.4732142857142857,-0.12946428571428573,-0.6607142857142857,-0.26785714285714285,-0.59375,-0.3482142857142857,-0.4955357142857143,0.09375,-0.44642857142857145,-0.004464285714285714,-0.6071428571428571,-0.14285714285714285,-0.6160714285714286,-0.24107142857142858,-0.5758928571428571
0,0.0,0.0,-0.228310502283105,-0.0045662100456621,-0.3926940639269406,-0.1780821917808219,-0.4794520547945205,-0.3515981735159817,-0.4246575342465753,-0.502283105022831,-0.2191780821917808,-0.410958904109589,-0.3561643835616438,-0.6027397260273972,-0.4611872146118721,-0.7031963470319634,-0.54337899543379,-0.7945205479452054,-0.1187214611872146,-0.45662100456621,-0.2100456621004566,-0.7351598173515982,-0.3242009132420091,-0.8904109589041096,-0.410958904109589,-1.0,-0.0045662100456621,-0.4611872146118721,-0.1552511415525114,-0.6621004566210046,-0.3013698630136986,-0.5662100456621004,-0.3789954337899543,-0.4474885844748858,0.1004566210045662,-0.4429223744292237,-0.045662100456621,-0.6210045662100456,-0.1917808219178082,-0.6027397260273972,-0.2968036529680365,-0.54337899543379
0,0.0,0.0,-0.21658986175115208,-0.009216589861751152,-0.37327188940092165,-0.17972350230414746,-0.45622119815668205,-0.35023041474654376,-0.41013824884792627,-0.5207373271889401,-0.19815668202764977,-0.41013824884792627,-0.3317972350230415,-0.5990783410138248,-0.4423963133640553,-0.695852534562212,-0.5299539170506913,-0.7926267281105991,-0.10599078341013825,-0.45622119815668205,-0.1935483870967742,-0.7373271889400922,-0.3087557603686636,-0.8940092165898618,-0.4009216589861751,-1.0,0.009216589861751152,-0.45622119815668205,-0.1336405529953917,-0.663594470046083,-0.28110599078341014,-0.5852534562211982,-0.3640552995391705,-0.47465437788018433,0.11981566820276497,-0.4423963133640553,-0.018433179723502304,-0.6221198156682027,-0.16589861751152074,-0.6082949308755761,-0.271889400921659,-0.5483870967741935
0,0.0,0.0,-0.22040816326530613,-0.04081632653061224,-0.3877551020408163,-0.22040816326530613,-0.44081632653061226,-0.40408163265306124,-0.37142857142857144,-0.5306122448979592,-0.27755102040816326,-0.4448979591836735,-0.39591836734693875,-0.6326530612244898,-0.4775510204081633,-0.7306122448979592,-0.5428571428571428,-0.8204081632653061,-0.17142857142857143,-0.4897959183673469,-0.23673469387755103,-0.7510204081632653,-0.32653061224489793,-0.8979591836734694,-0.4,-1.0,-0.061224489795918366,-0.49387755102040815,-0.16326530612244897,-0.673469387755102,-0.27755102040816326,-0.6,-0.3510204081632653,-0.5020408163265306,0.05714285714285714,-0.46938775510204084,-0.036734693877551024,-0.6163265306122448,-0.15510204081632653,-0.6204081632653061,-0.24489795918367346,-0.5918367346938775
0,0.0,0.0,-0.20224719101123595,-0.0749063670411985,-0.33707865168539325,-0.26591760299625467,-0.37453183520599254,-0.43820224719101125,-0.299625468164794,-0.5205992509363296,-0.2546816479400749,-0.4943820224719101,-0.36329588014981273,-0.6704119850187266,-0.43820224719101125,-0.7715355805243446,-0.50187265917603,-0.8614232209737828,-0.13857677902621723,-0.5280898876404494,-0.20973782771535582,-0.7565543071161048,-0.27715355805243447,-0.898876404494382,-0.3333333333333333,-1.0,-0.00749063670411985,-0.5056179775280899,-0.056179775280898875,-0.700374531835206,-0.13857677902621723,-0.6554307116104869,-0.20224719101123595,-0.5767790262172284,0.12734082397003746,-0.45318352059925093,0.07116104868913857,-0.6067415730337079,-0.02247191011235955,-0.6254681647940075,-0.10861423220973783,-0.602996254681648
0,0.0,0.0,-0.1970260223048327,-0.08550185873605948,-0.3271375464684015,-0.26022304832713755,-0.3345724907063197,-0.4423791821561338,-0.2342007434944238,-0.5390334572490706,-0.27137546468401486,-0.4795539033457249,-0.37174721189591076,-0.6728624535315985,-0.4423791821561338,-0.7843866171003717,-0.5018587360594795,-0.8847583643122676,-0.14869888475836432,-0.5092936802973977,-0.21933085501858737,-0.7509293680297398,-0.2788104089219331,-0.8921933085501859,-0.3308550185873606,-1.0,-0.01486988847583643,-0.49070631970260226,-0.04460966542750929,-0.6840148698884758,-0.12267657992565056,-0.6394052044609665,-0.19330855018587362,-0.5613382899628253,0.12639405204460966,-0.4312267657992565,0.11152416356877323,-0.5613382899628253,0.03717472118959108,-0.587360594795539,-0.04460966542750929,-0.5799256505576208
0,0.0,0.0,-0.17692307692307693,-0.09230769230769231,-0.2923076923076923,-0.2692307692307692,-0.28846153846153844,-0.45384615384615384,-0.18076923076923077,-0.5538461538461539,-0.25,-0.4576923076923077,-0.3576923076923077,-0.6692307692307692,-0.41923076923076924,-0.7884615384615384,-0.46923076923076923,-0.8961538461538462,-0.13076923076923078,-0.49230769230769234,-0.20384615384615384,-0.7423076923076923,-0.25,-0.8807692307692307,-0.28076923076923077,-1.0,-0.0038461538461538464,-0.47307692307692306,-0.03076923076923077,-0.676923076923077,-0.08846153846153847,-0.5961538461538461,-0.1346153846153846,-0.49615384615384617,0.13076923076923078,-0.4153846153846154,0.1346153846153846,-0.5384615384615384,0.07307692307692308,-0.5692307692307692,0.007692307692307693,-0.5769230769230769
0,0.0,0.0,-0.18333333333333332,-0.09166666666666666,-0.2833333333333333,-0.2875,-0.2625,-0.48333333333333334,-0.14583333333333334,-0.575,-0.24166666666666667,-0.45416666666666666,-0.3416666666666667,-0.6625,-0.3958333333333333,-0.7833333333333333,-0.43333333333333335,-0.8958333333333334,-0.12916666666666668,-0.49166666666666664,-0.19583333333333333,-0.7291666666666666,-0.23333333333333334,-0.8791666666666667,-0.25,-1.0,-0.008333333333333333,-0.475,-0.016666666666666666,-0.6708333333333333,-0.06666666666666667,-0.6083333333333333,-0.10833333333333334,-0.5166666666666667,0.12083333333333333,-0.42916666666666664,0.1375,-0.55,0.09166666666666666,-0.5916666666666667,0.041666666666666664,-0.5958333333333333
0,0.0,0.0,-0.18099547511312217,-0.09502262443438914,-0.28054298642533937,-0.3167420814479638,-0.25339366515837103,-0.5158371040723982,-0.14027149321266968,-0.6018099547511312,-0.2398190045248869,-0.45701357466063347,-0.33031674208144796,-0.665158371040724,-0.38009049773755654,-0.7873303167420814,-0.416289592760181,-0.9004524886877828,-0.12669683257918551,-0.49321266968325794,-0.19004524886877827,-0.7285067873303167,-0.22624434389140272,-0.8778280542986425,-0.24434389140271492,-1.0,-0.00904977375565611,-0.4796380090497738,-0.013574660633484163,-0.6606334841628959,-0.06787330316742081,-0.6334841628959276,-0.1085972850678733,-0.5610859728506787,0.11764705882352941,-0.43891402714932126,0.12669683257918551,-0.5701357466063348,0.08144796380090498,-0.6108597285067874,0.027149321266968326,-0.6108597285067874
0,0.0,0.0,-0.18571428571428572,-0.10952380952380952,-0.2857142857142857,-0.319047619047619,-0.2571428571428571,-0.5238095238095238,-0.14285714285714285,-0.6190476190476191,-0.2523809523809524,-0.4523809523809524,-0.3380952380952381,-0.6666666666666666,-0.3904761904761905,-0.7952380952380952,-0.4238095238095238,-0.9095238095238095,-0.1380952380952381,-0.4857142857142857,-0.19047619047619047,-0.7238095238095238,-0.23333333333333334,-0.8809523809523809,-0.2523809523809524,-1.0,-0.014285714285714285,-0.47619047619047616,-0.009523809523809525,-0.6523809523809524,-0.05714285714285714,-0.6428571428571429,-0.1,-0.5761904761904761,0.10952380952380952,-0.4380952380952381,0.12857142857142856,-0.5666666666666667,0.09047619047619047,-0.6285714285714286,0.0380952380952381,-0.6333333333333333
0,0.0,0.0,-0.19117647058823528,-0.09313725490196079,-0.28921568627450983,-0.30392156862745096,-0.25,-0.5049019607843137,-0.1323529411764706,-0.6029411764705882,-0.2696078431372549,-0.4362745098039216,-0.3480392156862745,-0.6519607843137255,-0.39705882352941174,-0.7843137254901961,-0.43137254901960786,-0.8970588235294118,-0.14705882352941177,-0.47549019607843135,-0.20098039215686275,-0.7156862745098039,-0.24019607843137256,-0.8725490196078431,-0.2549019607843137,-1.0,-0.0196078431372549,-0.46078431372549017,-0.014705882352941176,-0.6421568627450981,-0.05392156862745098,-0.6127450980392157,-0.08823529411764706,-0.5441176470588235,0.10784313725490197,-0.4166666666666667,0.1323529411764706,-0.5441176470588235,0.09803921568627451,-0.5980392156862745,0.049019607843137254,-0.6127450980392157
0,0.0,0.0,-0.18932038834951456,-0.08737864077669903,-0.2912621359223301,-0.2961165048543689,-0.24757281553398058,-0.49514563106796117,-0.13106796116504854,-0.5825242718446602,-0.2621359223300971,-0.4368932038834951,-0.3446601941747573,-0.6553398058252428,-0.3883495145631068,-0.7864077669902912,-0.4174757281553398,-0.8980582524271845,-0.1407766990291262,-0.470873786407767,-0.1941747572815534,-0.7135922330097088,-0.22815533980582525,-0.8737864077669902,-0.24757281553398058,-1.0,-0.014563106796116505,-0.4563106796116505,-0.0048543689320388345,-0.6310679611650486,-0.04854368932038835,-0.616504854368932,-0.08737864077669903,-0.5533980582524272,0.12135922330097088,-0.4077669902912621,0.14563106796116504,-0.5339805825242718,0.11165048543689321,-0.587378640776699,0.05825242718446602,-0.5922330097087378
0,0.0,0.0,-0.20535714285714285,-0.07589285714285714,-0.3169642857142857,-0.27232142857142855,-0.3080357142857143,-0.44642857142857145,-0.22321428571428573,-0.5267857142857143,-0.24107142857142858,-0.4642857142857143,-0.3392857142857143,-0.6517857142857143,-0.4017857142857143,-0.7678571428571429,-0.45535714285714285,-0.8660714285714286,-0.125,-0.4955357142857143,-0.17857142857142858,-0.7366071428571429,-0.23214285714285715,-0.8839285714285714,-0.2767857142857143,-1.0,0.008928571428571428,-0.47767857142857145,-0.022321428571428572,-0.65625,-0.10714285714285714,-0.6160714285714286,-0.17857142857142858,-0.5491071428571429,0.14732142857142858,-0.41964285714285715,0.14285714285714285,-0.5625,0.07589285714285714,-0.6026785714285714,-0.004464285714285714,-0.6071428571428571
0,0.0,0.0,-0.21428571428571427,-0.08035714285714286,-0.3392857142857143,-0.2544642857142857,-0.3392857142857143,-0.41964285714285715,-0.2767857142857143,-0.5,-0.26785714285714285,-0.5,-0.35714285714285715,-0.6651785714285714,-0.42410714285714285,-0.7633928571428571,-0.48214285714285715,-0.8526785714285714,-0.14285714285714285,-0.53125,-0.19196428571428573,-0.7589285714285714,-0.2544642857142857,-0.8973214285714286,-0.3125,-1.0,-0.008928571428571428,-0.5089285714285714,-0.022321428571428572,-0.6964285714285714,-0.09821428571428571,-0.6830357142857143,-0.17410714285714285,-0.6294642857142857,0.12946428571428573,-0.44642857142857145,0.125,-0.59375,0.049107142857142856,-0.6205357142857143,-0.044642857142857144,-0.6071428571428571
0,0.0,0.0,-0.2119815668202765,-0.06451612903225806,-0.35944700460829493,-0.24423963133640553,-0.4055299539170507,-0.42857142857142855,-0.34101382488479265,-0.543778801843318,-0.24423963133640553,-0.4608294930875576,-0.3548387096774194,-0.6359447004608295,-0.4377880184331797,-0.728110599078341,-0.511520737327189,-0.815668202764977,-0.14285714285714285,-0.5069124423963134,-0.20276497695852536,-0.7465437788018433,-0.29493087557603687,-0.8894009216589862,-0.37327188940092165,-1.0,-0.02304147465437788,-0.5069124423963134,-0.0967741935483871,-0.695852534562212,-0.19815668202764977,-0.6497695852534562,-0.271889400921659,-0.5714285714285714,0.0967741935483871,-0.4792626728110599,0.02304147465437788,-0.6359447004608295,-0.08755760368663594,-0.6589861751152074,-0.18433179723502305,-0.631336405529954
0,0.0,0.0,-0.2,-0.06190476190476191,-0.3476190476190476,-0.23809523809523808,-0.41904761904761906,-0.40476190476190477,-0.35714285714285715,-0.5428571428571428,-0.20476190476190476,-0.4523809523809524,-0.32857142857142857,-0.6238095238095238,-0.4238095238095238,-0.7142857142857143,-0.49523809523809526,-0.8,-0.11428571428571428,-0.49523809523809526,-0.18095238095238095,-0.7476190476190476,-0.2857142857142857,-0.8904761904761904,-0.37142857142857144,-1.0,-0.004761904761904762,-0.5,-0.11428571428571428,-0.6904761904761905,-0.2571428571428571,-0.6333333333333333,-0.34285714285714286,-0.5476190476190477,0.10476190476190476,-0.48095238095238096,-0.01904761904761905,-0.6428571428571429,-0.1523809523809524,-0.6428571428571429,-0.2523809523809524,-0.6
0,0.0,0.0,-0.20574162679425836,-0.08133971291866028,-0.3444976076555024,-0.2679425837320574,-0.42105263157894735,-0.430622009569378,-0.3684210526315789,-0.5741626794258373,-0.17703349282296652,-0.45933014354066987,-0.3014354066985646,-0.6220095693779905,-0.4019138755980861,-0.7081339712918661,-0.48325358851674644,-0.7942583732057417,-0.0861244019138756,-0.5023923444976076,-0.1722488038277512,-0.7416267942583732,-0.2822966507177033,-0.8899521531100478,-0.37320574162679426,-1.0,0.014354066985645933,-0.507177033492823,-0.11961722488038277,-0.7081339712918661,-0.2679425837320574,-0.6602870813397129,-0.3684210526315789,-0.583732057416268,0.10526315789473684,-0.49282296650717705,-0.03827751196172249,-0.6555023923444976,-0.18181818181818182,-0.6602870813397129,-0.28708133971291866,-0.6220095693779905
0,0.0,0.0,-0.21962616822429906,-0.08411214953271028,-0.3644859813084112,-0.27102803738317754,-0.4252336448598131,-0.4485981308411215,-0.3691588785046729,-0.5794392523364486,-0.22897196261682243,-0.4719626168224299,-0.34579439252336447,-0.6401869158878505,-0.43457943925233644,-0.7336448598130841,-0.5046728971962616,-0.8177570093457944,-0.14018691588785046,-0.5186915887850467,-0.2102803738317757,-0.7570093457943925,-0.3130841121495327,-0.9018691588785047,-0.3925233644859813,-1.0,-0.04205607476635514,-0.5280373831775701,-0.14953271028037382,-0.7336448598130841,-0.29906542056074764,-0.677570093457944,-0.3925233644859813,-0.5887850467289719,0.056074766355140186,-0.5233644859813084,-0.0514018691588785,-0.6869158878504673,-0.1822429906542056,-0.677570093457944,-0.27102803738317754,-0.6261682242990654
0,0.0,0.0,-0.225531914893617,-0.06808510638297872,-0.3872340425531915,-0.2765957446808511,-0.425531914893617,-0.4553191489361702,-0.3617021276595745,-0.5191489361702127,-0.30638297872340425,-0.4851063829787234,-0.40425531914893614,-0.6595744680851063,-0.4808510638297872,-0.7702127659574468,-0.548936170212766,-0.8553191489361702,-0.2,-0.5276595744680851,-0.2680851063829787,-0.7531914893617021,-0.35319148936170214,-0.8978723404255319,-0.425531914893617,-1.0,-0.07659574468085106,-0.5148936170212766,-0.14042553191489363,-0.6978723404255319,-0.225531914893617,-0.6638297872340425,-0.28936170212765955,-0.6042553191489362,0.05531914893617021,-0.4723404255319149,-0.01276595744680851,-0.625531914893617,-0.1148936170212766,-0.6553191489361702,-0.20425531914893616,-0.6382978723404256
0,0.0,0.0,-0.18106995884773663,-0.07407407407407407,-0.2839506172839506,-0.2716049382716049,-0.2716049382716049,-0.45267489711934156,-0.1934156378600823,-0.5308641975308642,-0.23868312757201646,-0.45267489711934156,-0.345679012345679,-0.6666666666666666,-0.4074074074074074,-0.7901234567901234,-0.46502057613168724,-0.897119341563786,-0.1111111111111111,-0.4773662551440329,-0.18106995884773663,-0.7242798353909465,-0.2345679012345679,-0.8765432098765432,-0.27983539094650206,-1.0,0.024691358024691357,-0.448559670781893,-0.00823045267489712,-0.6502057613168725,-0.0823045267489712,-0.6049382716049383,-0.14814814814814814,-0.5349794238683128,0.16049382716049382,-0.38271604938271603,0.1522633744855967,-0.5185185185185185,0.07818930041152264,-0.5596707818930041,-0.00411522633744856,-0.5637860082304527
0,0.0,0.0,-0.20772946859903382,0.0,-0.34299516908212563,-0.11594202898550725,-0.30917874396135264,-0.3188405797101449,-0.18840579710144928,-0.4396135265700483,-0.2995169082125604,-0.3526570048309179,-0.3961352657004831,-0.6183574879227053,-0.45410628019323673,-0.7632850241545893,-0.4975845410628019,-0.8888888888888888,-0.14492753623188406,-0.3864734299516908,-0.2028985507246377,-0.6859903381642513,-0.25120772946859904,-0.8647342995169082,-0.28019323671497587,-1.0,0.00966183574879227,-0.3526570048309179,-0.00966183574879227,-0.5748792270531401,-0.04830917874396135,-0.5072463768115942,-0.0821256038647343,-0.4106280193236715,0.15942028985507245,-0.26570048309178745,0.1932367149758454,-0.4106280193236715,0.14492753623188406,-0.4492753623188406,0.0821256038647343,-0.4444444444444444
0,0.0,0.0,-0.2127659574468085,0.0,-0.32978723404255317,-0.06382978723404255,-0.2393617021276596,-0.2765957446808511,-0.06382978723404255,-0.3882978723404255,-0.2872340425531915,-0.2872340425531915,-0.3617021276595745,-0.5797872340425532,-0.4095744680851064,-0.7446808510638298,-0.43617021276595747,-0.8936170212765957,-0.12234042553191489,-0.324468085106383,-0.14893617021276595,-0.648936170212766,-0.17553191489361702,-0.8457446808510638,-0.18085106382978725,-1.0,0.0425531914893617,-0.2925531914893617,0.09574468085106383,-0.5212765957446809,0.031914893617021274,-0.4095744680851064,-0.010638297872340425,-0.28191489361702127,0.19148936170212766,-0.20212765957446807,0.22872340425531915,-0.35638297872340424,0.21808510638297873,-0.3670212765957447,0.2127659574468085,-0.3404255319148936
